,date,rub_usd
33,2025-07-08,78.5
34,2025-07-07,78.7
35,2025-07-04,78.75
36,2025-07-03,79.075
37,2025-07-02,78.925
38,2025-07-01,78.5
39,2025-06-30,78.2
40,2025-06-27,78.5
41,2025-06-26,78.75
42,2025-06-25,78.25
43,2025-06-24,78.375
44,2025-06-23,78.5
45,2025-06-20,78.5
46,2025-06-19,78.375
47,2025-06-18,78.5
48,2025-06-17,78.5
49,2025-06-16,78.625
50,2025-06-13,79.71
51,2025-06-12,80.0
52,2025-06-11,79.5
53,2025-06-10,78.475
54,2025-06-09,79.0
55,2025-06-06,78.85
56,2025-06-05,77.25
57,2025-06-04,79.25
58,2025-06-03,78.975
59,2025-06-02,79.25
60,2025-05-30,77.5
61,2025-05-29,76.9
62,2025-05-28,79.875
63,2025-05-27,80.25
64,2025-05-26,79.76
65,2025-05-23,79.5
66,2025-05-22,79.675
67,2025-05-21,79.75
68,2025-05-20,80.625
69,2025-05-19,80.75
70,2025-05-16,81.0
71,2025-05-15,80.0
72,2025-05-14,80.375
73,2025-05-13,79.85
74,2025-05-12,81.0
75,2025-05-09,82.5
76,2025-05-08,82.41
77,2025-05-07,80.625
78,2025-05-06,81.5
79,2025-05-05,81.31
80,2025-05-02,82.75
81,2025-05-01,82.0
82,2025-04-30,82.0
83,2025-04-29,82.0
84,2025-04-28,82.65
85,2025-04-25,82.625
86,2025-04-24,83.2
87,2025-04-23,83.0
88,2025-04-22,81.525
89,2025-04-21,81.0
90,2025-04-18,82.1
91,2025-04-17,82.1705
92,2025-04-16,82.9955
93,2025-04-15,83.5455
94,2025-04-14,82.25
95,2025-04-11,83.2455
96,2025-04-10,83.4955
97,2025-04-09,86.1455
98,2025-04-08,85.8455
99,2025-04-07,86.1455
100,2025-04-04,84.4955
101,2025-04-03,84.0967
102,2025-04-02,84.2455
103,2025-04-01,84.4955
104,2025-03-31,82.9955
105,2025-03-28,84.9455
106,2025-03-27,84.4955
107,2025-03-26,84.0705
108,2025-03-25,84.6205
109,2025-03-24,83.8705
110,2025-03-21,84.4955
111,2025-03-20,84.9205
112,2025-03-19,83.9955
113,2025-03-18,81.7455
114,2025-03-17,83.4455
115,2025-03-14,85.4955
116,2025-03-13,86.2455
117,2025-03-12,87.1455
118,2025-03-11,85.6205
119,2025-03-10,87.6205
120,2025-03-07,89.9955
121,2025-03-06,88.9955
122,2025-03-05,90.3955
123,2025-03-04,89.7455
124,2025-03-03,89.6955
125,2025-02-28,89.3705
126,2025-02-27,87.6955
127,2025-02-26,86.8205
128,2025-02-25,86.5955
129,2025-02-24,87.7455
130,2025-02-21,88.4955
131,2025-02-20,88.6705
132,2025-02-19,89.6205
133,2025-02-18,91.5455
134,2025-02-17,91.4955
135,2025-02-14,91.1205
136,2025-02-13,89.4955
137,2025-02-12,93.9955
138,2025-02-11,96.4955
139,2025-02-10,96.6205
140,2025-02-07,96.9955
141,2025-02-06,96.7455
142,2025-02-05,97.9955
143,2025-02-04,100.6955
144,2025-02-03,99.7455
145,2025-01-31,98.5705
146,2025-01-30,98.4955
147,2025-01-29,99.2455
148,2025-01-28,97.9955
149,2025-01-27,97.3705
150,2025-01-24,97.7955
151,2025-01-23,99.8705
152,2025-01-22,99.2455
153,2025-01-21,99.4955
154,2025-01-20,100.9955
155,2025-01-17,102.4955
156,2025-01-16,102.45
157,2025-01-15,102.4955
158,2025-01-14,102.7
159,2025-01-13,102.7455
160,2025-01-10,101.7455
161,2025-01-09,102.2455
162,2025-01-08,104.4955
163,2025-01-07,107.2455
164,2025-01-06,107.4955
165,2025-01-03,110.4955
166,2025-01-02,110.9955
167,2025-01-01,113.4955
168,2024-12-31,113.4955
169,2024-12-30,110.4955
170,2024-12-27,105.7455
171,2024-12-26,100.0
172,2024-12-25,99.5
173,2024-12-24,99.9955
174,2024-12-23,101.2205
175,2024-12-20,102.9955
176,2024-12-19,103.4955
177,2024-12-18,104.6705
178,2024-12-17,104.5955
179,2024-12-16,103.5955
180,2024-12-13,104.4955
181,2024-12-12,104.9955
182,2024-12-11,105.4955
183,2024-12-10,103.0455
184,2024-12-09,99.9955
185,2024-12-06,100.5455
186,2024-12-05,100.9955
187,2024-12-04,104.9955
188,2024-12-03,104.9955
189,2024-12-02,106.4955
190,2024-11-29,106.4955
191,2024-11-28,107.9955
192,2024-11-27,113.1455
193,2024-11-26,105.4955
194,2024-11-25,103.9955
195,2024-11-22,104.3455
196,2024-11-21,101.2955
197,2024-11-20,100.5955
198,2024-11-19,100.5705
199,2024-11-18,99.7455
200,2024-11-15,99.9955
201,2024-11-14,99.5
202,2024-11-13,98.4955
203,2024-11-12,98.2455
204,2024-11-11,95.9955
205,2024-11-08,97.5955
206,2024-11-07,97.9955
207,2024-11-06,97.2205
208,2024-11-05,97.7955
209,2024-11-04,98.35
210,2024-11-01,97.9955
211,2024-10-31,97.3705
212,2024-10-30,96.9
213,2024-10-29,97.4955
214,2024-10-28,97.15
215,2024-10-25,97.2455
216,2024-10-24,96.2455
217,2024-10-23,95.9955
218,2024-10-22,95.7455
219,2024-10-21,96.7955
220,2024-10-18,96.7
221,2024-10-17,96.7
222,2024-10-16,96.7
223,2024-10-15,96.7
224,2024-10-14,95.5955
225,2024-10-11,95.7955
226,2024-10-10,96.5955
227,2024-10-09,96.9955
228,2024-10-08,96.7455
229,2024-10-07,96.1955
230,2024-10-04,94.9955
231,2024-10-03,94.7455
232,2024-10-02,95.6455
233,2024-10-01,95.8455
234,2024-09-30,92.9955
235,2024-09-27,94.3205
236,2024-09-26,92.613
237,2024-09-25,92.4955
238,2024-09-24,92.7955
239,2024-09-23,91.4705
240,2024-09-20,92.3455
241,2024-09-19,92.1705
242,2024-09-18,93.6205
243,2024-09-17,91.4955
244,2024-09-16,91.3955
245,2024-09-13,89.9955
246,2024-09-12,89.1955
247,2024-09-11,91.5705
248,2024-09-10,90.9955
249,2024-09-09,90.5455
250,2024-09-06,90.3455
251,2024-09-05,88.2455
252,2024-09-04,87.4968
253,2024-09-03,87.7912
254,2024-09-02,89.7955
255,2024-08-30,90.6455
256,2024-08-29,91.9955
257,2024-08-28,91.4955
258,2024-08-27,91.4955
259,2024-08-26,91.9955
260,2024-08-23,91.4955
261,2024-08-22,91.3
262,2024-08-21,91.4955
263,2024-08-20,91.1455
264,2024-08-19,89.8205
265,2024-08-16,89.4455
266,2024-08-15,88.8705
267,2024-08-14,89.7955
268,2024-08-13,90.4955
269,2024-08-12,90.9955
270,2024-08-09,88.5955
271,2024-08-08,86.7
272,2024-08-07,85.7705
273,2024-08-06,85.6705
274,2024-08-05,84.8705
275,2024-08-02,85.4955
276,2024-08-01,85.4955
277,2024-07-31,86.15
278,2024-07-30,85.7455
279,2024-07-29,86.3955
280,2024-07-26,86.0955
281,2024-07-25,84.9955
282,2024-07-24,86.2405
283,2024-07-23,87.8455
284,2024-07-22,87.8455
285,2024-07-19,87.6955
286,2024-07-18,88.3955
287,2024-07-17,88.4955
288,2024-07-16,88.3955
289,2024-07-15,88.3455
290,2024-07-12,87.8705
291,2024-07-11,86.9955
292,2024-07-10,88.3455
293,2024-07-09,86.4955
294,2024-07-08,86.6205
295,2024-07-05,87.9955
296,2024-07-04,88.9955
297,2024-07-03,87.8455
298,2024-07-02,87.8455
299,2024-07-01,86.7455
300,2024-06-28,85.7455
301,2024-06-27,84.9955
302,2024-06-26,88.2455
303,2024-06-25,88.2455
304,2024-06-24,87.9955
305,2024-06-21,89.0705
306,2024-06-20,87.2455
307,2024-06-19,82.634
308,2024-06-18,85.3705
309,2024-06-17,88.7205
310,2024-06-14,89.6118
311,2024-06-13,87.8705
312,2024-06-12,88.9955
313,2024-06-11,89.2455
314,2024-06-10,88.8705
315,2024-06-07,88.633
316,2024-06-06,89.31
317,2024-06-05,89.0455
318,2024-06-04,88.533
319,2024-06-03,89.3205
320,2024-05-31,90.3755
321,2024-05-30,90.3955
322,2024-05-29,89.5705
323,2024-05-28,88.5705
324,2024-05-27,88.9455
325,2024-05-24,89.5955
326,2024-05-23,91.6205
327,2024-05-22,90.1955
328,2024-05-21,90.2205
329,2024-05-20,90.663
330,2024-05-17,90.9955
331,2024-05-16,90.8705
332,2024-05-15,90.746
333,2024-05-14,91.3205
334,2024-05-13,91.5955
335,2024-05-10,92.6705
336,2024-05-09,92.5455
337,2024-05-08,91.6218
338,2024-05-07,91.4455
339,2024-05-06,91.073
340,2024-05-03,90.879
341,2024-05-02,91.1205
342,2024-05-01,93.283
343,2024-04-30,93.4455
344,2024-04-29,93.3205
345,2024-04-26,91.8755
346,2024-04-25,92.2155
347,2024-04-24,92.2957
348,2024-04-23,93.1955
349,2024-04-22,93.432
350,2024-04-19,93.0205
351,2024-04-18,93.795
352,2024-04-17,94.0705
353,2024-04-16,94.1455
354,2024-04-15,93.4955
355,2024-04-12,93.2955
356,2024-04-11,92.867
357,2024-04-10,93.2955
358,2024-04-09,92.8955
359,2024-04-08,92.6205
360,2024-04-05,92.508
361,2024-04-04,92.2455
362,2024-04-03,92.2955
363,2024-04-02,92.4705
364,2024-04-01,92.2825
365,2024-03-29,92.5705
366,2024-03-28,92.323
367,2024-03-27,92.4455
368,2024-03-26,92.4705
369,2024-03-25,92.8955
370,2024-03-22,92.1205
371,2024-03-21,91.8705
372,2024-03-20,92.2455
373,2024-03-19,92.243
374,2024-03-18,91.442
375,2024-03-15,92.5205
376,2024-03-14,91.5205
377,2024-03-13,91.3455
378,2024-03-12,91.6855
379,2024-03-11,90.9955
380,2024-03-08,90.9449
381,2024-03-07,90.6455
382,2024-03-06,90.7505
383,2024-03-05,90.9705
384,2024-03-04,91.218
385,2024-03-01,91.6967
386,2024-02-29,91.4955
387,2024-02-28,91.5455
388,2024-02-27,92.0205
389,2024-02-26,91.874
390,2024-02-23,93.6205
391,2024-02-22,93.0455
392,2024-02-21,91.9955
393,2024-02-20,92.106
394,2024-02-19,92.3455
395,2024-02-16,91.9955
396,2024-02-15,92.2705
397,2024-02-14,91.6455
398,2024-02-13,91.4955
399,2024-02-12,91.2205
400,2024-02-09,90.9955
401,2024-02-08,91.1705
402,2024-02-07,91.5955
403,2024-02-06,90.515
404,2024-02-05,90.5455
405,2024-02-02,90.9955
406,2024-02-01,90.4155
407,2024-01-31,89.9455
408,2024-01-30,89.5705
409,2024-01-29,89.2705
410,2024-01-26,89.7455
411,2024-01-25,89.0205
412,2024-01-24,88.7455
413,2024-01-23,88.8692
414,2024-01-22,87.9955
415,2024-01-19,88.1705
416,2024-01-18,89.4205
417,2024-01-17,88.6205
418,2024-01-16,88.0955
419,2024-01-15,87.7205
420,2024-01-12,87.956
421,2024-01-11,88.4955
422,2024-01-10,89.378
423,2024-01-09,89.633
424,2024-01-08,90.898
425,2024-01-05,90.9205
426,2024-01-04,91.3455
427,2024-01-03,91.9955
428,2024-01-02,90.4205
429,2024-01-01,89.2455
430,2023-12-29,89.2455
431,2023-12-28,88.4955
432,2023-12-27,91.6205
433,2023-12-26,91.6275
434,2023-12-25,91.9825
435,2023-12-22,92.1205
436,2023-12-21,92.8705
437,2023-12-20,89.648
438,2023-12-19,90.4705
439,2023-12-18,90.5205
440,2023-12-15,90.6455
441,2023-12-14,89.5205
442,2023-12-13,89.3455
443,2023-12-12,90.2505
444,2023-12-11,90.528
445,2023-12-08,92.1455
446,2023-12-07,92.4205
447,2023-12-06,92.65
448,2023-12-05,90.2025
449,2023-12-04,91.4955
450,2023-12-01,91.2205
451,2023-11-30,89.9705
452,2023-11-29,88.6955
453,2023-11-28,88.8705
454,2023-11-27,89.0705
455,2023-11-24,89.2955
456,2023-11-23,88.5705
457,2023-11-22,88.3955
458,2023-11-21,88.2405
459,2023-11-20,88.5455
460,2023-11-17,89.723
461,2023-11-16,89.3455
462,2023-11-15,89.4455
463,2023-11-14,90.5205
464,2023-11-13,91.9105
465,2023-11-10,92.2705
466,2023-11-09,91.6705
467,2023-11-08,91.8455
468,2023-11-07,92.0955
469,2023-11-06,92.6455
470,2023-11-03,92.8455
471,2023-11-02,93.2705
472,2023-11-01,92.5955
473,2023-10-31,93.5955
474,2023-10-30,92.5455
475,2023-10-27,94.1955
476,2023-10-26,93.6455
477,2023-10-25,93.9955
478,2023-10-24,93.4705
479,2023-10-23,94.4955
480,2023-10-20,95.4455
481,2023-10-19,96.17
482,2023-10-18,98.1055
483,2023-10-17,98.0205
484,2023-10-16,97.4205
485,2023-10-13,97.6955
486,2023-10-12,97.7205
487,2023-10-11,99.5
488,2023-10-10,100.2955
489,2023-10-09,98.5
490,2023-10-06,100.9955
491,2023-10-05,99.125
492,2023-10-04,98.8
493,2023-10-03,99.1
494,2023-10-02,97.8
495,2023-09-29,97.0
496,2023-09-28,96.2455
497,2023-09-27,96.075
498,2023-09-26,96.5955
499,2023-09-25,94.905
500,2023-09-22,95.3
501,2023-09-21,94.2
502,2023-09-20,96.0205
503,2023-09-19,95.0
504,2023-09-18,95.9455
505,2023-09-15,95.8
506,2023-09-14,95.25
507,2023-09-13,96.1955
508,2023-09-12,95.9955
509,2023-09-11,94.05
510,2023-09-08,96.75
511,2023-09-07,97.5
512,2023-09-06,97.4
513,2023-09-05,96.935
514,2023-09-04,96.8705
515,2023-09-01,96.4005
516,2023-08-31,94.875
517,2023-08-30,96.1455
518,2023-08-29,95.4205
519,2023-08-28,94.4955
520,2023-08-25,94.9955
521,2023-08-24,93.5
522,2023-08-23,93.9955
523,2023-08-22,93.5
524,2023-08-21,93.4955
525,2023-08-18,94.2
526,2023-08-17,93.0
527,2023-08-16,96.35
528,2023-08-15,98.0
529,2023-08-14,98.4955
530,2023-08-11,98.995
531,2023-08-10,96.33
532,2023-08-09,96.8705
533,2023-08-08,96.205
534,2023-08-07,94.625
535,2023-08-04,94.875
536,2023-08-03,93.5
537,2023-08-02,93.31
538,2023-08-01,92.3955
539,2023-07-31,91.7455
540,2023-07-28,91.06
541,2023-07-27,90.6955
542,2023-07-26,89.9955
543,2023-07-25,89.25
544,2023-07-24,90.4455
545,2023-07-21,89.5
546,2023-07-20,89.4
547,2023-07-19,91.7205
548,2023-07-18,90.7455
549,2023-07-17,89.35
550,2023-07-14,90.2455
551,2023-07-13,90.1205
552,2023-07-12,90.4955
553,2023-07-11,89.5
554,2023-07-10,90.1
555,2023-07-07,91.2555
556,2023-07-06,91.2455
557,2023-07-05,89.8
558,2023-07-04,90.9955
559,2023-07-03,89.4955
560,2023-06-30,86.95
561,2023-06-29,86.8555
562,2023-06-28,85.9955
563,2023-06-27,85.4705
564,2023-06-26,84.4
565,2023-06-23,83.6455
566,2023-06-22,82.7075
567,2023-06-21,82.65
568,2023-06-20,82.85
569,2023-06-19,83.8455
570,2023-06-16,82.5
571,2023-06-15,83.4705
572,2023-06-14,83.9955
573,2023-06-13,83.9455
574,2023-06-12,83.8705
575,2023-06-09,82.7205
576,2023-06-08,82.0
577,2023-06-07,80.55
578,2023-06-06,80.35
579,2023-06-05,79.6
580,2023-06-02,80.7955
581,2023-06-01,80.9955
582,2023-05-31,81.5455
583,2023-05-30,78.015
584,2023-05-29,79.25
585,2023-05-26,78.9955
586,2023-05-25,80.0205
587,2023-05-24,79.21
588,2023-05-23,80.15
589,2023-05-22,80.4955
590,2023-05-19,79.1
591,2023-05-18,80.3955
592,2023-05-17,80.2955
593,2023-05-16,79.49
594,2023-05-15,79.7705
595,2023-05-12,76.36
596,2023-05-11,76.9955
597,2023-05-10,76.1
598,2023-05-09,77.693
599,2023-05-08,77.7205
600,2023-05-05,77.8055
601,2023-05-04,78.4955
602,2023-05-03,78.5
603,2023-05-02,80.1055
604,2023-05-01,79.7
605,2023-04-28,79.45
606,2023-04-27,81.5955
607,2023-04-26,82.1205
608,2023-04-25,80.7
609,2023-04-24,80.495
610,2023-04-21,80.45
611,2023-04-20,80.8
612,2023-04-19,81.6955
613,2023-04-18,81.8255
614,2023-04-17,81.893
615,2023-04-14,80.55
616,2023-04-13,81.6955
617,2023-04-12,81.22
618,2023-04-11,81.0955
619,2023-04-10,81.65
620,2023-04-07,80.1
621,2023-04-06,80.2
622,2023-04-05,80.1955
623,2023-04-04,79.2955
624,2023-04-03,77.65
625,2023-03-31,77.9955
626,2023-03-30,77.2705
627,2023-03-29,76.325
628,2023-03-28,76.55
629,2023-03-27,76.52
630,2023-03-24,77.2755
631,2023-03-23,75.9955
632,2023-03-22,77.0405
633,2023-03-21,77.2455
634,2023-03-20,76.25
635,2023-03-17,76.9555
636,2023-03-16,77.5455
637,2023-03-15,76.5455
638,2023-03-14,75.7455
639,2023-03-13,75.5455
640,2023-03-10,76.1955
641,2023-03-09,75.8455
642,2023-03-08,76.0455
643,2023-03-07,75.5955
644,2023-03-06,75.5705
645,2023-03-03,74.4
646,2023-03-02,74.525
647,2023-03-01,75.25
648,2023-02-28,75.0455
649,2023-02-27,74.9205
650,2023-02-24,76.0
651,2023-02-23,75.7205
652,2023-02-22,75.4355
653,2023-02-21,74.9205
654,2023-02-20,72.75
655,2023-02-17,73.9955
656,2023-02-16,74.7
657,2023-02-15,73.9955
658,2023-02-14,73.5955
659,2023-02-13,73.1955
660,2023-02-10,73.1055
661,2023-02-09,73.0505
662,2023-02-08,72.4955
663,2023-02-07,71.7805
664,2023-02-06,71.4955
665,2023-02-03,70.6455
666,2023-02-02,70.05
667,2023-02-01,69.8805
668,2023-01-31,70.57
669,2023-01-30,69.9
670,2023-01-27,69.555
671,2023-01-26,69.6505
672,2023-01-25,69.2255
673,2023-01-24,69.4455
674,2023-01-23,68.9705
675,2023-01-20,68.2455
676,2023-01-19,69.3955
677,2023-01-18,68.8505
678,2023-01-17,68.4955
679,2023-01-16,68.7455
680,2023-01-13,65.0
681,2023-01-12,67.77
682,2023-01-11,68.2955
683,2023-01-10,69.6705
684,2023-01-09,69.9
685,2023-01-06,72.4955
686,2023-01-05,71.15
687,2023-01-04,71.5
688,2023-01-03,72.3455
689,2023-01-02,70.9955
690,2022-12-30,72.5
691,2022-12-29,72.0
692,2022-12-28,71.75
693,2022-12-27,69.0
694,2022-12-26,68.35
695,2022-12-23,69.25
696,2022-12-22,67.0
697,2022-12-21,71.425
698,2022-12-20,69.25
699,2022-12-19,66.0
700,2022-12-16,63.875
701,2022-12-15,63.65
702,2022-12-14,63.75
703,2022-12-13,63.2
704,2022-12-12,62.25
705,2022-12-09,62.5
706,2022-12-08,62.4
707,2022-12-07,61.0
708,2022-12-06,62.4
709,2022-12-05,61.575
710,2022-12-02,61.5
711,2022-12-01,61.2
712,2022-11-30,60.5
713,2022-11-29,60.83
714,2022-11-28,60.85
715,2022-11-25,59.5
716,2022-11-24,60.35
717,2022-11-23,59.8
718,2022-11-22,60.65
719,2022-11-21,60.25
720,2022-11-18,59.85
721,2022-11-17,59.475
722,2022-11-16,59.775
723,2022-11-15,59.5
724,2022-11-14,60.375
725,2022-11-11,59.55
726,2022-11-10,59.625
727,2022-11-09,60.0
728,2022-11-08,60.95
729,2022-11-07,60.4
730,2022-11-04,61.0
731,2022-11-03,61.35
732,2022-11-02,60.0
733,2022-11-01,60.75
734,2022-10-31,61.05
735,2022-10-28,61.5
736,2022-10-27,61.3
737,2022-10-26,61.25
738,2022-10-25,61.0
739,2022-10-24,61.0
740,2022-10-21,60.65
741,2022-10-20,60.65
742,2022-10-19,60.0
743,2022-10-18,60.5
744,2022-10-17,61.05
745,2022-10-14,61.65
746,2022-10-13,63.0
747,2022-10-12,63.7
748,2022-10-11,64.5
749,2022-10-10,62.81
750,2022-10-07,60.7
751,2022-10-06,60.5
752,2022-10-05,59.75
753,2022-10-04,59.0
754,2022-10-03,58.0
755,2022-09-30,59.2
756,2022-09-29,56.0
757,2022-09-28,56.9
758,2022-09-27,57.9
759,2022-09-26,57.5
760,2022-09-23,56.875
761,2022-09-22,58.9
762,2022-09-21,60.1
763,2022-09-20,60.4
764,2022-09-19,60.05
765,2022-09-16,59.5
766,2022-09-15,59.6
767,2022-09-14,59.7
768,2022-09-13,58.5
769,2022-09-12,59.625
770,2022-09-09,60.5
771,2022-09-08,60.5
772,2022-09-07,59.8
773,2022-09-06,60.275
774,2022-09-05,60.01
775,2022-09-02,60.25
776,2022-09-01,59.25
777,2022-08-31,59.0
778,2022-08-30,59.0
779,2022-08-29,60.5
780,2022-08-26,59.3
781,2022-08-25,59.375
782,2022-08-24,59.8
783,2022-08-23,59.25
784,2022-08-22,59.125
785,2022-08-19,58.5
786,2022-08-18,59.0
787,2022-08-17,59.5
788,2022-08-16,60.5
789,2022-08-15,60.5
790,2022-08-12,60.5
791,2022-08-11,60.6
792,2022-08-10,59.125
793,2022-08-09,60.45
794,2022-08-08,59.375
795,2022-08-05,60.5
796,2022-08-04,59.5
797,2022-08-03,58.75
798,2022-08-02,58.25
799,2022-08-01,59.5
800,2022-07-29,59.75
801,2022-07-28,60.0
802,2022-07-27,59.35
803,2022-07-26,57.625
804,2022-07-25,56.0
805,2022-07-22,55.625
806,2022-07-21,54.0
807,2022-07-20,53.5
808,2022-07-19,54.0
809,2022-07-18,54.5
810,2022-07-15,54.5
811,2022-07-14,58.25
812,2022-07-13,58.45
813,2022-07-12,58.4
814,2022-07-11,62.0
815,2022-07-08,62.4
816,2022-07-07,63.05
817,2022-07-06,62.5
818,2022-07-05,60.0
819,2022-07-04,53.5
820,2022-07-01,51.5
821,2022-06-30,52.5
822,2022-06-29,50.0
823,2022-06-28,51.25
824,2022-06-27,53.1
825,2022-06-24,50.9
826,2022-06-23,52.0
827,2022-06-22,52.25
828,2022-06-21,51.375
829,2022-06-20,53.0
830,2022-06-17,54.0
831,2022-06-16,54.875
832,2022-06-15,53.0
833,2022-06-14,56.0
834,2022-06-13,55.01
835,2022-06-10,55.75
836,2022-06-09,55.25
837,2022-06-08,58.0
838,2022-06-07,59.25
839,2022-06-06,59.125
840,2022-06-03,60.86
841,2022-06-02,60.875
842,2022-06-01,61.0
843,2022-05-31,60.25
844,2022-05-30,61.5
845,2022-05-27,64.0
846,2022-05-26,62.175
847,2022-05-25,57.85
848,2022-05-24,55.5
849,2022-05-23,56.075
850,2022-05-20,59.5
851,2022-05-19,62.1
852,2022-05-18,62.25
853,2022-05-17,62.875
854,2022-05-16,62.125
855,2022-05-13,64.0
856,2022-05-12,62.25
857,2022-05-11,64.25
858,2022-05-10,67.625
859,2022-05-09,67.5
860,2022-05-06,66.5
861,2022-05-05,62.5
862,2022-05-04,63.625
863,2022-05-03,65.75
864,2022-05-02,68.175
865,2022-04-29,70.2
866,2022-04-28,70.25
867,2022-04-27,71.25
868,2022-04-26,73.125
869,2022-04-25,72.525
870,2022-04-22,74.875
871,2022-04-21,78.375
872,2022-04-20,79.75
873,2022-04-19,78.25
874,2022-04-18,78.625
875,2022-04-15,78.25
876,2022-04-14,80.125
877,2022-04-13,80.0
878,2022-04-12,82.875
879,2022-04-11,81.0
880,2022-04-08,77.75
881,2022-04-07,76.75
882,2022-04-06,80.0
883,2022-04-05,81.75
884,2022-04-04,81.495
885,2022-04-01,83.25
886,2022-03-31,79.25
887,2022-03-30,76.0
888,2022-03-29,80.0
889,2022-03-28,87.5
890,2022-03-25,96.5
891,2022-03-24,94.75
892,2022-03-23,89.25
893,2022-03-22,98.55
894,2022-03-21,99.15
895,2022-03-18,99.0
896,2022-03-17,95.25
897,2022-03-16,90.5
898,2022-03-15,99.0
899,2022-03-14,114.5
900,2022-03-11,126.5
901,2022-03-10,126.0
902,2022-03-09,130.0
903,2022-03-08,120.0
904,2022-03-07,135.5
905,2022-03-04,121.037
906,2022-03-03,108.395
907,2022-03-02,97.6
908,2022-03-01,105.043
909,2022-02-28,101.04
910,2022-02-25,83.8963
911,2022-02-24,84.0475
912,2022-02-23,81.148
913,2022-02-22,78.5987
914,2022-02-21,80.017
915,2022-02-18,77.164
916,2022-02-17,76.0593
917,2022-02-16,74.978
918,2022-02-15,75.185
919,2022-02-14,76.2131
920,2022-02-11,77.0753
921,2022-02-10,74.905
922,2022-02-09,74.6447
923,2022-02-08,74.9695
924,2022-02-07,75.276
925,2022-02-04,75.5836
926,2022-02-03,75.9442
927,2022-02-02,76.023
928,2022-02-01,76.725
929,2022-01-31,77.248
930,2022-01-28,78.0765
931,2022-01-27,77.8693
932,2022-01-26,79.0468
933,2022-01-25,78.5027
934,2022-01-24,78.563
935,2022-01-21,77.3856
936,2022-01-20,76.6975
937,2022-01-19,76.055
938,2022-01-18,76.8879
939,2022-01-17,76.043
940,2022-01-14,76.1738
941,2022-01-13,76.3194
942,2022-01-12,74.411
943,2022-01-11,74.232
944,2022-01-10,74.75
945,2022-01-07,75.4224
946,2022-01-06,76.2168
947,2022-01-05,76.7
948,2022-01-04,75.245
949,2022-01-03,74.165
950,2021-12-31,74.5607
951,2021-12-30,74.4817
952,2021-12-29,73.6419
953,2021-12-28,73.5528
954,2021-12-27,73.1495
955,2021-12-24,73.6125
956,2021-12-23,73.2622
957,2021-12-22,73.486
958,2021-12-21,73.893
959,2021-12-20,74.065
960,2021-12-17,74.0279
961,2021-12-16,73.66
962,2021-12-15,73.499
963,2021-12-14,73.729
964,2021-12-13,73.389
965,2021-12-10,73.21
966,2021-12-09,73.345
967,2021-12-08,73.3575
968,2021-12-07,73.853
969,2021-12-06,74.022
970,2021-12-03,73.69
971,2021-12-02,73.533
972,2021-12-01,74.227
973,2021-11-30,73.8449
974,2021-11-29,74.257
975,2021-11-26,75.275
976,2021-11-25,74.526
977,2021-11-24,74.774
978,2021-11-23,74.264
979,2021-11-22,74.824
980,2021-11-19,73.215
981,2021-11-18,73.008
982,2021-11-17,72.3247
983,2021-11-16,72.941
984,2021-11-15,72.38
985,2021-11-12,72.748
986,2021-11-11,71.4025
987,2021-11-10,71.15
988,2021-11-09,70.539
989,2021-11-08,71.237
990,2021-11-05,71.0145
991,2021-11-04,71.3025
992,2021-11-03,71.668
993,2021-11-02,71.3625
994,2021-11-01,71.4175
995,2021-10-29,70.8625
996,2021-10-28,70.0625
997,2021-10-27,70.5842
998,2021-10-26,69.3222
999,2021-10-25,69.732
1000,2021-10-22,70.295
1001,2021-10-21,71.02
1002,2021-10-20,70.63
1003,2021-10-19,70.78
1004,2021-10-18,71.12
1005,2021-10-15,70.829
1006,2021-10-14,71.285
1007,2021-10-13,71.919
1008,2021-10-12,71.698
1009,2021-10-11,71.594
1010,2021-10-08,71.776
1011,2021-10-07,71.6975
1012,2021-10-06,72.365
1013,2021-10-05,72.235
1014,2021-10-04,72.3
1015,2021-10-01,72.5775
1016,2021-09-30,72.5775
1017,2021-09-29,72.836
1018,2021-09-28,72.7105
1019,2021-09-27,72.5583
1020,2021-09-24,72.5975
1021,2021-09-23,72.7191
1022,2021-09-22,72.86
1023,2021-09-21,73.065
1024,2021-09-20,73.3044
1025,2021-09-17,72.8
1026,2021-09-16,72.1909
1027,2021-09-15,72.1675
1028,2021-09-14,72.908
1029,2021-09-13,72.515
1030,2021-09-10,73.083
1031,2021-09-09,72.95
1032,2021-09-08,73.1175
1033,2021-09-07,73.264
1034,2021-09-06,72.949
1035,2021-09-03,72.745
1036,2021-09-02,72.832
1037,2021-09-01,72.96
1038,2021-08-31,73.1175
1039,2021-08-30,73.4021
1040,2021-08-27,73.447
1041,2021-08-26,74.116
1042,2021-08-25,73.755
1043,2021-08-24,73.5675
1044,2021-08-23,73.8977
1045,2021-08-20,74.265
1046,2021-08-19,73.9475
1047,2021-08-18,73.4574
1048,2021-08-17,73.4709
1049,2021-08-16,73.14
1050,2021-08-13,73.152
1051,2021-08-12,73.532
1052,2021-08-11,73.388
1053,2021-08-10,73.867
1054,2021-08-09,73.603
1055,2021-08-06,73.495
1056,2021-08-05,73.0536
1057,2021-08-04,73.066
1058,2021-08-03,72.9288
1059,2021-08-02,72.825
1060,2021-07-30,73.0725
1061,2021-07-29,73.0825
1062,2021-07-28,73.375
1063,2021-07-27,73.701
1064,2021-07-26,73.5825
1065,2021-07-23,73.711
1066,2021-07-22,73.556
1067,2021-07-21,73.87
1068,2021-07-20,74.243
1069,2021-07-19,74.586
1070,2021-07-16,73.992
1071,2021-07-15,74.2183
1072,2021-07-14,74.041
1073,2021-07-13,74.308
1074,2021-07-12,74.3437
1075,2021-07-09,74.3194
1076,2021-07-08,74.58
1077,2021-07-07,74.495
1078,2021-07-06,74.335
1079,2021-07-05,73.319
1080,2021-07-02,73.09
1081,2021-07-01,73.2969
1082,2021-06-30,72.975
1083,2021-06-29,72.706
1084,2021-06-28,72.104
1085,2021-06-25,72.087
1086,2021-06-24,72.1525
1087,2021-06-23,72.437
1088,2021-06-22,72.77
1089,2021-06-21,73.002
1090,2021-06-18,72.688
1091,2021-06-17,72.251
1092,2021-06-16,72.6024
1093,2021-06-15,72.175
1094,2021-06-14,71.974
1095,2021-06-11,71.803
1096,2021-06-10,71.73
1097,2021-06-09,72.259
1098,2021-06-08,72.2108
1099,2021-06-07,72.7283
1100,2021-06-04,72.74
1101,2021-06-03,72.9396
1102,2021-06-02,73.052
1103,2021-06-01,73.44
1104,2021-05-31,73.25
1105,2021-05-28,73.003
1106,2021-05-27,73.322
1107,2021-05-26,73.439
1108,2021-05-25,73.4496
1109,2021-05-24,73.402
1110,2021-05-21,73.503
1111,2021-05-20,73.45
1112,2021-05-19,73.6973
1113,2021-05-18,73.552
1114,2021-05-17,73.768
1115,2021-05-14,73.852
1116,2021-05-13,73.98
1117,2021-05-12,74.48
1118,2021-05-11,73.95
1119,2021-05-10,74.2325
1120,2021-05-07,73.56
1121,2021-05-06,74.174
1122,2021-05-05,74.702
1123,2021-05-04,74.555
1124,2021-05-03,74.852
1125,2021-04-30,75.16
1126,2021-04-29,74.4725
1127,2021-04-28,74.3246
1128,2021-04-27,74.887
1129,2021-04-26,74.95
1130,2021-04-23,74.708
1131,2021-04-22,75.215
1132,2021-04-21,76.455
1133,2021-04-20,76.764
1134,2021-04-19,76.271
1135,2021-04-16,75.8025
1136,2021-04-15,76.308
1137,2021-04-14,75.628
1138,2021-04-13,75.9
1139,2021-04-12,77.252
1140,2021-04-09,77.35
1141,2021-04-08,76.696
1142,2021-04-07,76.9
1143,2021-04-06,77.08
1144,2021-04-05,76.3434
1145,2021-04-02,76.48
1146,2021-04-01,76.205
1147,2021-03-31,75.591
1148,2021-03-30,75.7223
1149,2021-03-29,75.484
1150,2021-03-26,75.648
1151,2021-03-25,76.0216
1152,2021-03-24,76.5367
1153,2021-03-23,76.3445
1154,2021-03-22,74.632
1155,2021-03-19,74.071
1156,2021-03-18,74.1525
1157,2021-03-17,73.68
1158,2021-03-16,72.5594
1159,2021-03-15,72.7025
1160,2021-03-12,72.9575
1161,2021-03-11,73.281
1162,2021-03-10,73.41
1163,2021-03-09,73.848
1164,2021-03-08,74.3475
1165,2021-03-05,74.11
1166,2021-03-04,74.5327
1167,2021-03-03,73.943
1168,2021-03-02,73.705
1169,2021-03-01,74.226
1170,2021-02-26,74.156
1171,2021-02-25,74.642
1172,2021-02-24,73.419
1173,2021-02-23,73.942
1174,2021-02-22,74.2696
1175,2021-02-20,74.048
1176,2021-02-19,73.95
1177,2021-02-18,73.82
1178,2021-02-17,73.679
1179,2021-02-16,73.572
1180,2021-02-15,73.2479
1181,2021-02-12,73.52
1182,2021-02-11,73.5632
1183,2021-02-10,73.865
1184,2021-02-09,73.801
1185,2021-02-08,74.2511
1186,2021-02-05,74.552
1187,2021-02-04,75.4002
1188,2021-02-03,75.836
1189,2021-02-02,76.137
1190,2021-02-01,76.007
1191,2021-01-29,75.75
1192,2021-01-28,75.882
1193,2021-01-27,75.7173
1194,2021-01-26,75.005
1195,2021-01-25,75.3376
1196,2021-01-22,75.15
1197,2021-01-21,73.7425
1198,2021-01-20,73.379
1199,2021-01-19,73.645
1200,2021-01-18,73.802
1201,2021-01-15,73.31
1202,2021-01-14,73.1196
1203,2021-01-13,73.7375
1204,2021-01-12,73.4466
1205,2021-01-11,74.5671
1206,2021-01-08,73.815
1207,2021-01-07,74.4381
1208,2021-01-06,73.7075
1209,2021-01-05,74.11
1210,2021-01-04,74.281
1211,2021-01-01,73.79
1212,2020-12-31,73.79
1213,2020-12-30,74.1376
1214,2020-12-29,73.861
1215,2020-12-28,73.4843
1216,2020-12-25,74.01
1217,2020-12-24,73.816
1218,2020-12-23,74.893
1219,2020-12-22,75.842
1220,2020-12-21,74.558
1221,2020-12-18,73.16
1222,2020-12-17,72.855
1223,2020-12-16,73.1667
1224,2020-12-15,72.8381
1225,2020-12-14,73.6456
1226,2020-12-11,72.9031
1227,2020-12-10,73.0
1228,2020-12-09,73.574
1229,2020-12-08,73.332
1230,2020-12-07,73.6425
1231,2020-12-04,73.998
1232,2020-12-03,74.2575
1233,2020-12-02,74.9625
1234,2020-12-01,75.7647
1235,2020-11-30,76.3282
1236,2020-11-27,75.805
1237,2020-11-26,75.5977
1238,2020-11-25,75.461
1239,2020-11-24,75.385
1240,2020-11-23,76.045
1241,2020-11-20,76.05
1242,2020-11-19,76.06
1243,2020-11-18,75.8493
1244,2020-11-17,76.159
1245,2020-11-16,76.1058
1246,2020-11-13,77.151
1247,2020-11-12,77.086
1248,2020-11-11,77.01
1249,2020-11-10,76.3825
1250,2020-11-09,76.269
1251,2020-11-06,77.219
1252,2020-11-05,76.715
1253,2020-11-04,77.4572
1254,2020-11-03,79.031
1255,2020-11-02,80.3523
1256,2020-10-30,79.354
1257,2020-10-29,78.762
1258,2020-10-28,78.8968
1259,2020-10-27,77.0547
1260,2020-10-26,76.2675
1261,2020-10-23,76.1
1262,2020-10-22,76.3837
1263,2020-10-21,76.5813
1264,2020-10-20,77.142
1265,2020-10-19,77.466
1266,2020-10-16,77.738
1267,2020-10-15,77.82
1268,2020-10-14,77.586
1269,2020-10-13,76.89
1270,2020-10-12,76.7736
1271,2020-10-09,76.65
1272,2020-10-08,77.2234
1273,2020-10-07,77.9575
1274,2020-10-06,78.3654
1275,2020-10-05,78.0641
1276,2020-10-02,78.061
1277,2020-10-01,76.9388
1278,2020-09-30,77.5275
1279,2020-09-29,78.9497
1280,2020-09-28,79.023
1281,2020-09-25,78.065
1282,2020-09-24,76.8339
1283,2020-09-23,76.989
1284,2020-09-22,75.8853
1285,2020-09-21,76.116
1286,2020-09-18,75.664
1287,2020-09-17,74.9296
1288,2020-09-16,74.5875
1289,2020-09-15,74.89
1290,2020-09-14,75.18
1291,2020-09-11,74.77
1292,2020-09-10,74.9979
1293,2020-09-09,75.2013
1294,2020-09-08,76.1971
1295,2020-09-07,75.6047
1296,2020-09-04,75.207
1297,2020-09-03,75.2175
1298,2020-09-02,75.1463
1299,2020-09-01,73.3486
1300,2020-08-31,73.8085
1301,2020-08-28,74.002
1302,2020-08-27,74.7025
1303,2020-08-26,75.449
1304,2020-08-25,75.118
1305,2020-08-24,74.48
1306,2020-08-21,74.745
1307,2020-08-20,73.7653
1308,2020-08-19,73.2521
1309,2020-08-18,72.9875
1310,2020-08-17,73.577
1311,2020-08-14,72.755
1312,2020-08-13,72.8194
1313,2020-08-12,73.6175
1314,2020-08-11,72.9888
1315,2020-08-10,73.3926
1316,2020-08-07,73.59
1317,2020-08-06,73.3
1318,2020-08-05,72.935
1319,2020-08-04,73.3059
1320,2020-08-03,72.9503
1321,2020-07-31,74.22
1322,2020-07-30,72.985
1323,2020-07-29,72.4733
1324,2020-07-28,72.429
1325,2020-07-27,71.495
1326,2020-07-24,71.5325
1327,2020-07-23,71.39
1328,2020-07-22,70.975
1329,2020-07-21,70.5296
1330,2020-07-20,71.3261
1331,2020-07-17,71.743
1332,2020-07-16,71.3986
1333,2020-07-15,70.774
1334,2020-07-14,70.8825
1335,2020-07-13,70.8675
1336,2020-07-10,70.722
1337,2020-07-09,70.657
1338,2020-07-08,71.1012
1339,2020-07-07,71.1981
1340,2020-07-06,71.555
1341,2020-07-03,71.268
1342,2020-07-02,70.48
1343,2020-07-01,70.6275
1344,2020-06-30,71.0825
1345,2020-06-29,70.018
1346,2020-06-26,69.622
1347,2020-06-25,68.955
1348,2020-06-24,69.5652
1349,2020-06-23,68.72
1350,2020-06-22,68.93
1351,2020-06-19,69.326
1352,2020-06-18,69.3175
1353,2020-06-17,69.5842
1354,2020-06-16,69.5725
1355,2020-06-15,69.5525
1356,2020-06-12,69.57
1357,2020-06-11,70.064
1358,2020-06-10,68.34
1359,2020-06-09,68.5675
1360,2020-06-08,68.155
1361,2020-06-05,68.582
1362,2020-06-04,68.99
1363,2020-06-03,68.4866
1364,2020-06-02,68.61
1365,2020-06-01,68.9396
1366,2020-05-29,70.1425
1367,2020-05-28,70.44
1368,2020-05-27,70.9555
1369,2020-05-26,70.662
1370,2020-05-25,71.575
1371,2020-05-22,71.45
1372,2020-05-21,70.8152
1373,2020-05-20,71.0046
1374,2020-05-19,72.4985
1375,2020-05-18,72.651
1376,2020-05-15,73.317
1377,2020-05-14,73.3862
1378,2020-05-13,73.9033
1379,2020-05-12,73.6075
1380,2020-05-11,73.5265
1381,2020-05-08,73.32
1382,2020-05-07,73.9525
1383,2020-05-06,74.3915
1384,2020-05-05,73.47
1385,2020-05-04,74.713
1386,2020-05-01,75.2075
1387,2020-04-30,74.29
1388,2020-04-29,72.9512
1389,2020-04-28,74.1008
1390,2020-04-27,74.1869
1391,2020-04-24,74.4
1392,2020-04-23,74.739
1393,2020-04-22,75.826
1394,2020-04-21,77.0602
1395,2020-04-20,75.434
1396,2020-04-17,73.8425
1397,2020-04-16,73.9437
1398,2020-04-15,74.7126
1399,2020-04-14,72.9303
1400,2020-04-13,73.62
1401,2020-04-10,73.443
1402,2020-04-09,74.1566
1403,2020-04-08,74.9598
1404,2020-04-07,75.38
1405,2020-04-06,75.9362
1406,2020-04-03,76.3925
1407,2020-04-02,77.0425
1408,2020-04-01,78.6126
1409,2020-03-31,78.419
1410,2020-03-30,79.228
1411,2020-03-27,78.7
1412,2020-03-26,77.2428
1413,2020-03-25,78.231
1414,2020-03-24,78.205
1415,2020-03-23,79.219
1416,2020-03-20,79.7523
1417,2020-03-19,79.0575
1418,2020-03-18,80.68
1419,2020-03-17,75.2492
1420,2020-03-16,74.405
1421,2020-03-13,72.265
1422,2020-03-12,74.885
1423,2020-03-11,73.179
1424,2020-03-10,71.35
1425,2020-03-09,74.68
1426,2020-03-06,68.54
1427,2020-03-05,67.554
1428,2020-03-04,66.215
1429,2020-03-03,66.082
1430,2020-03-02,66.155
1431,2020-02-28,66.7027
1432,2020-02-27,66.25
1433,2020-02-26,65.3925
1434,2020-02-25,65.3
1435,2020-02-24,65.338
1436,2020-02-21,64.0603
1437,2020-02-20,64.1409
1438,2020-02-19,63.505
1439,2020-02-18,63.8458
1440,2020-02-17,63.4375
1441,2020-02-14,63.495
1442,2020-02-13,63.6415
1443,2020-02-12,63.1975
1444,2020-02-11,63.356
1445,2020-02-10,64.0905
1446,2020-02-07,64.14
1447,2020-02-06,63.315
1448,2020-02-05,62.87
1449,2020-02-04,63.0125
1450,2020-02-03,63.6615
1451,2020-01-31,63.9512
1452,2020-01-30,63.1338
1453,2020-01-29,62.512
1454,2020-01-28,62.205
1455,2020-01-27,62.9356
1456,2020-01-24,62.0576
1457,2020-01-23,61.8569
1458,2020-01-22,61.8275
1459,2020-01-21,61.865
1460,2020-01-20,61.532
1461,2020-01-17,61.5559
1462,2020-01-16,61.599
1463,2020-01-15,61.4
1464,2020-01-14,61.3895
1465,2020-01-13,61.216
1466,2020-01-10,61.0137
1467,2020-01-09,61.2675
1468,2020-01-08,61.2175
1469,2020-01-07,61.9255
1470,2020-01-06,61.7636
1471,2020-01-03,62.07
1472,2020-01-02,61.665
1473,2020-01-01,61.9322
1474,2019-12-31,61.9191
1475,2019-12-30,61.987
1476,2019-12-27,62.0125
1477,2019-12-26,62.225
1478,2019-12-25,61.837
1479,2019-12-24,61.8715
1480,2019-12-23,62.22
1481,2019-12-20,62.2232
1482,2019-12-19,62.362
1483,2019-12-18,62.6175
1484,2019-12-17,62.3725
1485,2019-12-16,62.4704
1486,2019-12-13,62.8165
1487,2019-12-12,62.7234
1488,2019-12-11,63.3141
1489,2019-12-10,63.4645
1490,2019-12-09,63.5266
1491,2019-12-06,63.6507
1492,2019-12-05,63.7214
1493,2019-12-04,63.87
1494,2019-12-03,64.0675
1495,2019-12-02,64.2085
1496,2019-11-29,64.354
1497,2019-11-28,64.0465
1498,2019-11-27,63.9599
1499,2019-11-26,63.9743
1500,2019-11-25,63.9
1501,2019-11-22,63.8345
1502,2019-11-21,63.695
1503,2019-11-20,63.815
1504,2019-11-19,63.8225
1505,2019-11-18,63.8175
1506,2019-11-15,63.7625
1507,2019-11-14,63.952
1508,2019-11-13,64.36
1509,2019-11-12,64.229
1510,2019-11-11,63.8625
1511,2019-11-08,63.7725
1512,2019-11-07,63.51
1513,2019-11-06,63.792
1514,2019-11-05,63.44
1515,2019-11-04,63.5024
1516,2019-11-01,63.5241
1517,2019-10-31,64.1517
1518,2019-10-30,63.707
1519,2019-10-29,63.955
1520,2019-10-28,63.8342
1521,2019-10-25,63.8365
1522,2019-10-24,64.0485
1523,2019-10-23,63.8925
1524,2019-10-22,63.705
1525,2019-10-21,63.7565
1526,2019-10-18,63.75
1527,2019-10-17,64.1075
1528,2019-10-16,64.1055
1529,2019-10-15,64.297
1530,2019-10-14,64.2188
1531,2019-10-11,64.2121
1532,2019-10-10,64.44
1533,2019-10-09,64.8765
1534,2019-10-08,65.156
1535,2019-10-07,64.979
1536,2019-10-04,64.647
1537,2019-10-03,65.132
1538,2019-10-02,65.1112
1539,2019-10-01,65.1923
1540,2019-09-30,64.8139
1541,2019-09-27,64.645
1542,2019-09-26,64.2419
1543,2019-09-25,64.143
1544,2019-09-24,63.9877
1545,2019-09-23,63.8502
1546,2019-09-20,63.995
1547,2019-09-19,63.968
1548,2019-09-18,64.1475
1549,2019-09-17,64.4046
1550,2019-09-16,63.983
1551,2019-09-13,64.3275
1552,2019-09-12,64.8225
1553,2019-09-11,65.5105
1554,2019-09-10,65.3961
1555,2019-09-09,65.5244
1556,2019-09-06,65.7725
1557,2019-09-05,66.2383
1558,2019-09-04,66.1538
1559,2019-09-03,66.74
1560,2019-09-02,66.7575
1561,2019-08-30,66.667
1562,2019-08-29,66.5012
1563,2019-08-28,66.768
1564,2019-08-27,66.4518
1565,2019-08-26,66.1039
1566,2019-08-23,65.995
1567,2019-08-22,65.5703
1568,2019-08-21,65.692
1569,2019-08-20,66.4745
1570,2019-08-19,66.9629
1571,2019-08-16,66.47
1572,2019-08-15,66.024
1573,2019-08-14,66.0743
1574,2019-08-13,64.909
1575,2019-08-12,65.3875
1576,2019-08-09,65.2455
1577,2019-08-08,65.01
1578,2019-08-07,65.3213
1579,2019-08-06,65.28
1580,2019-08-05,65.43
1581,2019-08-02,65.2691
1582,2019-08-01,64.366
1583,2019-07-31,63.6413
1584,2019-07-30,63.4927
1585,2019-07-29,63.405
1586,2019-07-26,63.3275
1587,2019-07-25,63.2417
1588,2019-07-24,63.3023
1589,2019-07-23,63.1778
1590,2019-07-22,63.085
1591,2019-07-19,63.0105
1592,2019-07-18,62.7736
1593,2019-07-17,62.8364
1594,2019-07-16,63.0296
1595,2019-07-15,62.6039
1596,2019-07-12,62.9902
1597,2019-07-11,62.7825
1598,2019-07-10,63.069
1599,2019-07-09,63.7995
1600,2019-07-08,63.6936
1601,2019-07-05,63.7712
1602,2019-07-04,63.413
1603,2019-07-03,63.314
1604,2019-07-02,63.2915
1605,2019-07-01,62.9955
1606,2019-06-28,63.2525
1607,2019-06-27,63.0525
1608,2019-06-26,62.9818
1609,2019-06-25,62.8688
1610,2019-06-24,62.5414
1611,2019-06-21,63.0
1612,2019-06-20,62.8371
1613,2019-06-19,63.7166
1614,2019-06-18,63.9928
1615,2019-06-17,64.283
1616,2019-06-14,64.3675
1617,2019-06-13,64.5495
1618,2019-06-12,64.8915
1619,2019-06-11,64.52
1620,2019-06-10,64.7388
1621,2019-06-07,64.7712
1622,2019-06-06,65.077
1623,2019-06-05,65.3035
1624,2019-06-04,65.1405
1625,2019-06-03,65.322
1626,2019-05-31,65.408
1627,2019-05-30,65.173
1628,2019-05-29,64.914
1629,2019-05-28,64.6678
1630,2019-05-27,64.3543
1631,2019-05-24,64.419
1632,2019-05-23,64.8425
1633,2019-05-22,64.285
1634,2019-05-21,64.41
1635,2019-05-20,64.5
1636,2019-05-17,64.7505
1637,2019-05-16,64.6205
1638,2019-05-15,64.6555
1639,2019-05-14,64.8948
1640,2019-05-13,65.3746
1641,2019-05-10,65.0877
1642,2019-05-09,65.22
1643,2019-05-08,64.976
1644,2019-05-07,65.374
1645,2019-05-06,65.228
1646,2019-05-03,65.0825
1647,2019-05-02,65.376
1648,2019-05-01,64.83
1649,2019-04-30,64.583
1650,2019-04-29,64.4615
1651,2019-04-26,64.795
1652,2019-04-25,64.6495
1653,2019-04-24,64.3925
1654,2019-04-23,63.694
1655,2019-04-22,63.7665
1656,2019-04-19,64.025
1657,2019-04-18,63.8645
1658,2019-04-17,63.802
1659,2019-04-16,64.0805
1660,2019-04-15,64.2915
1661,2019-04-12,64.29
1662,2019-04-11,64.574
1663,2019-04-10,64.204
1664,2019-04-09,64.917
1665,2019-04-08,64.86
1666,2019-04-05,65.285
1667,2019-04-04,65.41
1668,2019-04-03,65.226
1669,2019-04-02,65.306
1670,2019-04-01,65.2115
1671,2019-03-29,65.67
1672,2019-03-28,64.945
1673,2019-03-27,64.8475
1674,2019-03-26,64.4085
1675,2019-03-25,63.971
1676,2019-03-22,64.596
1677,2019-03-21,63.8643
1678,2019-03-20,63.814
1679,2019-03-19,64.374
1680,2019-03-18,64.3745
1681,2019-03-15,64.7935
1682,2019-03-14,65.476
1683,2019-03-13,65.459
1684,2019-03-12,65.6175
1685,2019-03-11,65.8763
1686,2019-03-08,66.32
1687,2019-03-07,66.2624
1688,2019-03-06,65.904
1689,2019-03-05,65.7463
1690,2019-03-04,65.7315
1691,2019-03-01,65.913
1692,2019-02-28,65.955
1693,2019-02-27,65.74
1694,2019-02-26,65.6575
1695,2019-02-25,65.505
1696,2019-02-22,65.3575
1697,2019-02-21,65.591
1698,2019-02-20,65.65
1699,2019-02-19,65.6825
1700,2019-02-18,66.191
1701,2019-02-15,66.2523
1702,2019-02-14,66.6527
1703,2019-02-13,66.509
1704,2019-02-12,65.808
1705,2019-02-11,65.785
1706,2019-02-08,65.4605
1707,2019-02-07,65.939
1708,2019-02-06,65.8495
1709,2019-02-05,65.582
1710,2019-02-04,65.5345
1711,2019-02-01,65.434
1712,2019-01-31,65.339
1713,2019-01-30,65.36
1714,2019-01-29,65.9936
1715,2019-01-28,66.213
1716,2019-01-25,65.951
1717,2019-01-24,65.696
1718,2019-01-23,66.072
1719,2019-01-22,66.477
1720,2019-01-21,66.36
1721,2019-01-18,66.1686
1722,2019-01-17,66.3225
1723,2019-01-16,66.2718
1724,2019-01-15,66.999
1725,2019-01-14,67.007
1726,2019-01-11,66.8797
1727,2019-01-10,66.846
1728,2019-01-09,66.604
1729,2019-01-08,66.8855
1730,2019-01-07,66.6486
1731,2019-01-04,67.6486
1732,2019-01-03,68.6917
1733,2019-01-02,69.001
1734,2019-01-01,69.68
1735,2018-12-31,69.68
1736,2018-12-29,69.7772
1737,2018-12-28,69.4365
1738,2018-12-27,69.46
1739,2018-12-26,68.6547
1740,2018-12-25,68.6445
1741,2018-12-24,68.5775
1742,2018-12-21,68.8825
1743,2018-12-20,68.269
1744,2018-12-19,67.416
1745,2018-12-18,67.4045
1746,2018-12-17,66.6955
1747,2018-12-14,66.7611
1748,2018-12-13,66.2399
1749,2018-12-12,66.366
1750,2018-12-11,66.3895
1751,2018-12-10,66.6845
1752,2018-12-07,66.384
1753,2018-12-06,66.8475
1754,2018-12-05,66.5
1755,2018-12-04,66.8325
1756,2018-12-03,66.4555
1757,2018-11-30,67.06
1758,2018-11-29,66.244
1759,2018-11-28,67.05
1760,2018-11-27,67.0795
1761,2018-11-26,67.122
1762,2018-11-23,66.1775
1763,2018-11-22,65.5896
1764,2018-11-21,65.7137
1765,2018-11-20,66.1258
1766,2018-11-19,65.605
1767,2018-11-16,65.925
1768,2018-11-15,65.86
1769,2018-11-14,67.0715
1770,2018-11-13,68.0517
1771,2018-11-12,67.8458
1772,2018-11-09,67.915
1773,2018-11-08,66.89
1774,2018-11-07,66.1988
1775,2018-11-06,66.0475
1776,2018-11-05,66.039
1777,2018-11-02,66.1148
1778,2018-11-01,65.6511
1779,2018-10-31,65.865
1780,2018-10-30,65.457
1781,2018-10-29,65.8128
1782,2018-10-26,65.6855
1783,2018-10-25,65.595
1784,2018-10-24,65.6338
1785,2018-10-23,65.5013
1786,2018-10-22,65.1875
1787,2018-10-19,65.4632
1788,2018-10-18,65.79
1789,2018-10-17,65.5075
1790,2018-10-16,65.3488
1791,2018-10-15,65.63
1792,2018-10-12,66.035
1793,2018-10-11,66.2888
1794,2018-10-10,66.8675
1795,2018-10-09,66.2175
1796,2018-10-08,66.5814
1797,2018-10-05,66.62
1798,2018-10-04,66.9785
1799,2018-10-03,65.8775
1800,2018-10-02,65.4388
1801,2018-10-01,64.9996
1802,2018-09-28,65.5748
1803,2018-09-27,65.594
1804,2018-09-26,65.865
1805,2018-09-25,65.821
1806,2018-09-24,65.88
1807,2018-09-21,66.4405
1808,2018-09-20,66.3264
1809,2018-09-19,66.6862
1810,2018-09-18,67.285
1811,2018-09-17,68.0695
1812,2018-09-14,68.017
1813,2018-09-13,68.1923
1814,2018-09-12,68.9448
1815,2018-09-11,69.3782
1816,2018-09-10,70.52
1817,2018-09-07,69.874
1818,2018-09-06,69.1966
1819,2018-09-05,68.191
1820,2018-09-04,68.0695
1821,2018-09-03,67.9254
1822,2018-08-31,67.4715
1823,2018-08-30,68.2039
1824,2018-08-29,67.8575
1825,2018-08-28,67.8655
1826,2018-08-27,67.383
1827,2018-08-24,67.0485
1828,2018-08-23,68.2175
1829,2018-08-22,68.033
1830,2018-08-21,67.188
1831,2018-08-20,66.956
1832,2018-08-17,66.9725
1833,2018-08-16,66.8205
1834,2018-08-15,67.262
1835,2018-08-14,66.2715
1836,2018-08-13,67.7653
1837,2018-08-10,67.6759
1838,2018-08-09,66.64
1839,2018-08-08,65.569
1840,2018-08-07,63.465
1841,2018-08-06,63.727
1842,2018-08-03,63.2975
1843,2018-08-02,63.3275
1844,2018-08-01,63.0025
1845,2018-07-31,62.496
1846,2018-07-30,62.218
1847,2018-07-27,62.7395
1848,2018-07-26,62.9277
1849,2018-07-25,62.783
1850,2018-07-24,63.302
1851,2018-07-23,63.046
1852,2018-07-20,63.422
1853,2018-07-19,63.5784
1854,2018-07-18,62.9918
1855,2018-07-17,62.6115
1856,2018-07-16,62.2792
1857,2018-07-13,62.533
1858,2018-07-12,62.2405
1859,2018-07-11,62.3925
1860,2018-07-10,61.783
1861,2018-07-09,62.3825
1862,2018-07-06,62.9147
1863,2018-07-05,63.085
1864,2018-07-04,63.273
1865,2018-07-03,63.125
1866,2018-07-02,63.396
1867,2018-06-29,62.7855
1868,2018-06-28,62.8015
1869,2018-06-27,63.1861
1870,2018-06-26,62.9925
1871,2018-06-25,62.738
1872,2018-06-22,62.925
1873,2018-06-21,63.6365
1874,2018-06-20,63.5755
1875,2018-06-19,63.8233
1876,2018-06-18,63.362
1877,2018-06-15,63.1309
1878,2018-06-14,62.54
1879,2018-06-13,62.4477
1880,2018-06-12,63.0426
1881,2018-06-11,62.7727
1882,2018-06-09,62.4747
1883,2018-06-08,62.276
1884,2018-06-07,62.3906
1885,2018-06-06,61.7855
1886,2018-06-05,62.128
1887,2018-06-04,62.0535
1888,2018-06-01,62.1962
1889,2018-05-31,62.3496
1890,2018-05-30,62.071
1891,2018-05-29,62.8175
1892,2018-05-28,62.2975
1893,2018-05-25,62.1954
1894,2018-05-24,61.562
1895,2018-05-23,61.2575
1896,2018-05-22,61.2293
1897,2018-05-21,61.5138
1898,2018-05-18,62.2924
1899,2018-05-17,62.135
1900,2018-05-16,61.713
1901,2018-05-15,62.2455
1902,2018-05-14,61.8656
1903,2018-05-11,61.888
1904,2018-05-10,61.6505
1905,2018-05-09,62.9695
1906,2018-05-08,63.2141
1907,2018-05-07,62.868
1908,2018-05-04,62.4812
1909,2018-05-03,62.9955
1910,2018-05-02,64.0655
1911,2018-05-01,63.7554
1912,2018-04-30,62.9362
1913,2018-04-28,62.2344
1914,2018-04-27,62.1156
1915,2018-04-26,62.8105
1916,2018-04-25,62.4062
1917,2018-04-24,61.5568
1918,2018-04-23,61.863
1919,2018-04-20,61.3771
1920,2018-04-19,60.9105
1921,2018-04-18,60.8635
1922,2018-04-17,61.513
1923,2018-04-16,61.1343
1924,2018-04-13,62.0193
1925,2018-04-12,61.959
1926,2018-04-11,62.4512
1927,2018-04-10,63.013
1928,2018-04-09,60.6005
1929,2018-04-06,58.14
1930,2018-04-05,57.673
1931,2018-04-04,57.402
1932,2018-04-03,57.57
1933,2018-04-02,57.48
1934,2018-03-30,57.121
1935,2018-03-29,57.2485
1936,2018-03-28,57.7388
1937,2018-03-27,57.356
1938,2018-03-26,57.197
1939,2018-03-23,57.2234
1940,2018-03-22,57.226
1941,2018-03-21,56.862
1942,2018-03-20,57.5563
1943,2018-03-19,57.7662
1944,2018-03-16,57.5056
1945,2018-03-15,57.4306
1946,2018-03-14,57.135
1947,2018-03-13,57.051
1948,2018-03-12,56.895
1949,2018-03-09,56.6177
1950,2018-03-08,57.085
1951,2018-03-07,56.8337
1952,2018-03-06,56.7025
1953,2018-03-05,56.396
1954,2018-03-02,56.805
1955,2018-03-01,56.8138
1956,2018-02-28,56.3404
1957,2018-02-27,56.2475
1958,2018-02-26,55.593
1959,2018-02-23,56.2662
1960,2018-02-22,56.4234
1961,2018-02-21,56.73
1962,2018-02-20,56.514
1963,2018-02-19,56.4522
1964,2018-02-16,56.3999
1965,2018-02-15,56.3864
1966,2018-02-14,56.6864
1967,2018-02-13,57.6533
1968,2018-02-12,57.7434
1969,2018-02-09,58.3307
1970,2018-02-08,58.396
1971,2018-02-07,57.8934
1972,2018-02-06,56.8028
1973,2018-02-05,57.2819
1974,2018-02-02,56.5231
1975,2018-02-01,55.9814
1976,2018-01-31,56.1872
1977,2018-01-30,56.367
1978,2018-01-29,56.3111
1979,2018-01-26,56.2166
1980,2018-01-25,55.9336
1981,2018-01-24,56.153
1982,2018-01-23,56.348
1983,2018-01-22,56.4756
1984,2018-01-19,56.6794
1985,2018-01-18,56.4871
1986,2018-01-17,56.8148
1987,2018-01-16,56.4917
1988,2018-01-15,56.3162
1989,2018-01-12,56.6362
1990,2018-01-11,56.4266
1991,2018-01-10,57.0425
1992,2018-01-09,56.875
1993,2018-01-08,57.093
1994,2018-01-05,56.9376
1995,2018-01-04,56.9406
1996,2018-01-03,57.1214
1997,2018-01-02,57.5164
1998,2018-01-01,57.6575
1999,2017-12-29,57.6575
2000,2017-12-28,57.5003
2001,2017-12-27,57.6971
2002,2017-12-26,57.662
2003,2017-12-25,57.981
2004,2017-12-22,58.3133
2005,2017-12-21,58.4129
2006,2017-12-20,58.7058
2007,2017-12-19,58.6645
2008,2017-12-18,58.6369
2009,2017-12-15,58.8393
2010,2017-12-14,58.8406
2011,2017-12-13,58.5252
2012,2017-12-12,59.204
2013,2017-12-11,58.9145
2014,2017-12-08,59.0877
2015,2017-12-07,59.1717
2016,2017-12-06,59.1695
2017,2017-12-05,58.7081
2018,2017-12-04,58.798
2019,2017-12-01,58.8685
2020,2017-11-30,58.4446
2021,2017-11-29,58.5899
2022,2017-11-28,58.3797
2023,2017-11-27,58.4905
2024,2017-11-24,58.3672
2025,2017-11-23,58.403
2026,2017-11-22,58.4108
2027,2017-11-21,59.1054
2028,2017-11-20,59.385
2029,2017-11-17,59.0815
2030,2017-11-16,59.673
2031,2017-11-15,60.222
2032,2017-11-14,60.441
2033,2017-11-13,59.3615
2034,2017-11-10,59.1825
2035,2017-11-09,59.2595
2036,2017-11-08,59.2135
2037,2017-11-07,59.3308
2038,2017-11-06,58.249
2039,2017-11-03,59.0505
2040,2017-11-02,58.182
2041,2017-11-01,58.2595
2042,2017-10-31,58.312
2043,2017-10-30,57.9705
2044,2017-10-27,58.053
2045,2017-10-26,57.8371
2046,2017-10-25,57.7557
2047,2017-10-24,57.6291
2048,2017-10-23,57.477
2049,2017-10-20,57.478
2050,2017-10-19,57.2571
2051,2017-10-18,57.446
2052,2017-10-17,57.3335
2053,2017-10-16,57.2717
2054,2017-10-13,57.1705
2055,2017-10-12,57.75
2056,2017-10-11,57.7753
2057,2017-10-10,57.94
2058,2017-10-09,58.244
2059,2017-10-06,58.1555
2060,2017-10-05,57.7161
2061,2017-10-04,57.656
2062,2017-10-03,57.9141
2063,2017-10-02,57.872
2064,2017-09-29,57.507
2065,2017-09-28,57.9065
2066,2017-09-27,58.185
2067,2017-09-26,57.845
2068,2017-09-25,57.4797
2069,2017-09-22,57.4805
2070,2017-09-21,57.911
2071,2017-09-20,58.247
2072,2017-09-19,58.074
2073,2017-09-18,58.083
2074,2017-09-15,57.6205
2075,2017-09-14,57.4911
2076,2017-09-13,57.946
2077,2017-09-12,57.632
2078,2017-09-11,57.1881
2079,2017-09-08,57.3429
2080,2017-09-07,56.875
2081,2017-09-06,57.3719
2082,2017-09-05,57.5105
2083,2017-09-04,57.7885
2084,2017-09-01,57.445
2085,2017-08-31,57.994
2086,2017-08-30,58.5215
2087,2017-08-29,58.808
2088,2017-08-28,58.432
2089,2017-08-25,58.5666
2090,2017-08-24,59.12
2091,2017-08-23,59.0445
2092,2017-08-22,59.0585
2093,2017-08-21,59.1295
2094,2017-08-18,58.899
2095,2017-08-17,59.2091
2096,2017-08-16,59.38
2097,2017-08-15,59.6958
2098,2017-08-14,59.9133
2099,2017-08-11,59.815
2100,2017-08-10,60.1095
2101,2017-08-09,60.086
2102,2017-08-08,59.8595
2103,2017-08-07,60.0161
2104,2017-08-04,59.9118
2105,2017-08-03,60.319
2106,2017-08-02,60.555
2107,2017-08-01,60.3518
2108,2017-07-31,59.768
2109,2017-07-28,59.53
2110,2017-07-27,59.4853
2111,2017-07-26,59.3695
2112,2017-07-25,59.847
2113,2017-07-24,59.9803
2114,2017-07-21,59.3095
2115,2017-07-20,58.8905
2116,2017-07-19,58.9823
2117,2017-07-18,59.1573
2118,2017-07-17,59.325
2119,2017-07-14,59.0365
2120,2017-07-13,59.7611
2121,2017-07-12,59.916
2122,2017-07-11,60.739
2123,2017-07-10,60.1898
2124,2017-07-07,60.3552
2125,2017-07-06,60.09
2126,2017-07-05,59.9667
2127,2017-07-04,59.4051
2128,2017-07-03,59.2294
2129,2017-06-30,58.9206
2130,2017-06-29,59.395
2131,2017-06-28,59.2189
2132,2017-06-27,59.398
2133,2017-06-26,58.7856
2134,2017-06-23,59.433
2135,2017-06-22,59.9546
2136,2017-06-21,60.2775
2137,2017-06-20,59.6193
2138,2017-06-19,58.4596
2139,2017-06-16,57.7404
2140,2017-06-15,57.8455
2141,2017-06-14,57.3759
2142,2017-06-13,57.0013
2143,2017-06-12,57.0662
2144,2017-06-09,57.0166
2145,2017-06-08,56.8845
2146,2017-06-07,57.0345
2147,2017-06-06,56.5456
2148,2017-06-05,56.5901
2149,2017-06-02,56.6385
2150,2017-06-01,56.4043
2151,2017-05-31,56.602
2152,2017-05-30,56.5579
2153,2017-05-29,56.4626
2154,2017-05-26,56.512
2155,2017-05-25,56.8735
2156,2017-05-24,56.4634
2157,2017-05-23,56.3375
2158,2017-05-22,56.6305
2159,2017-05-19,56.9575
2160,2017-05-18,57.5175
2161,2017-05-17,57.0704
2162,2017-05-16,56.6003
2163,2017-05-15,56.3286
2164,2017-05-12,57.043
2165,2017-05-11,57.054
2166,2017-05-10,57.4259
2167,2017-05-09,58.3895
2168,2017-05-08,58.3086
2169,2017-05-05,57.9096
2170,2017-05-04,58.378
2171,2017-05-03,57.3641
2172,2017-05-02,57.0095
2173,2017-05-01,56.9596
2174,2017-04-28,56.9167
2175,2017-04-27,57.0038
2176,2017-04-26,57.1095
2177,2017-04-25,56.1318
2178,2017-04-24,55.747
2179,2017-04-21,56.441
2180,2017-04-20,56.1577
2181,2017-04-19,56.5086
2182,2017-04-18,56.2439
2183,2017-04-17,55.8591
2184,2017-04-14,56.33
2185,2017-04-13,56.252
2186,2017-04-12,56.6055
2187,2017-04-11,56.8998
2188,2017-04-10,57.2203
2189,2017-04-07,57.2386
2190,2017-04-06,56.3723
2191,2017-04-05,56.311
2192,2017-04-04,56.0767
2193,2017-04-03,56.0679
2194,2017-03-31,56.2355
2195,2017-03-30,56.075
2196,2017-03-29,56.567
2197,2017-03-28,56.9926
2198,2017-03-27,56.8754
2199,2017-03-24,56.9443
2200,2017-03-23,57.4268
2201,2017-03-22,57.7665
2202,2017-03-21,57.6845
2203,2017-03-20,57.3705
2204,2017-03-17,57.1101
2205,2017-03-16,57.8195
2206,2017-03-15,58.387
2207,2017-03-14,59.2058
2208,2017-03-13,58.7567
2209,2017-03-10,58.8568
2210,2017-03-09,59.1952
2211,2017-03-08,58.8747
2212,2017-03-07,58.1595
2213,2017-03-06,58.2171
2214,2017-03-03,58.2359
2215,2017-03-02,58.757
2216,2017-03-01,58.2747
2217,2017-02-28,58.2986
2218,2017-02-27,58.1075
2219,2017-02-24,58.4719
2220,2017-02-23,57.7595
2221,2017-02-22,58.0045
2222,2017-02-21,57.3761
2223,2017-02-20,57.9148
2224,2017-02-17,58.4315
2225,2017-02-16,57.5196
2226,2017-02-15,57.1668
2227,2017-02-14,57.0495
2228,2017-02-13,57.9692
2229,2017-02-10,58.2602
2230,2017-02-09,58.9383
2231,2017-02-08,59.1848
2232,2017-02-07,59.417
2233,2017-02-06,58.9075
2234,2017-02-03,59.0153
2235,2017-02-02,59.3246
2236,2017-02-01,60.0545
2237,2017-01-31,60.097
2238,2017-01-30,59.8581
2239,2017-01-27,59.7759
2240,2017-01-26,60.3718
2241,2017-01-25,59.4995
2242,2017-01-24,59.2324
2243,2017-01-23,59.4957
2244,2017-01-20,59.6611
2245,2017-01-19,59.8615
2246,2017-01-18,59.4696
2247,2017-01-17,59.3325
2248,2017-01-16,59.8571
2249,2017-01-13,59.6045
2250,2017-01-12,59.318
2251,2017-01-11,59.6865
2252,2017-01-10,60.072
2253,2017-01-09,60.1066
2254,2017-01-06,59.558
2255,2017-01-05,59.341
2256,2017-01-04,60.2745
2257,2017-01-03,60.933
2258,2017-01-02,61.1771
2259,2016-12-30,61.263
2260,2016-12-29,60.3311
2261,2016-12-28,60.4625
2262,2016-12-27,60.5757
2263,2016-12-26,60.901
2264,2016-12-23,60.9931
2265,2016-12-22,60.931
2266,2016-12-21,61.1358
2267,2016-12-20,61.4184
2268,2016-12-19,61.8475
2269,2016-12-16,62.0429
2270,2016-12-15,61.7
2271,2016-12-14,62.122
2272,2016-12-13,60.6295
2273,2016-12-12,60.967
2274,2016-12-09,62.4651
2275,2016-12-08,63.3045
2276,2016-12-07,63.1993
2277,2016-12-06,63.8086
2278,2016-12-05,63.802
2279,2016-12-02,63.9228
2280,2016-12-01,63.9595
2281,2016-11-30,64.077
2282,2016-11-29,65.0599
2283,2016-11-28,64.7107
2284,2016-11-25,64.865
2285,2016-11-24,64.442
2286,2016-11-23,64.3606
2287,2016-11-22,63.672
2288,2016-11-21,63.9745
2289,2016-11-18,64.6473
2290,2016-11-17,64.8845
2291,2016-11-16,64.7425
2292,2016-11-15,64.17
2293,2016-11-14,65.98
2294,2016-11-11,65.6368
2295,2016-11-10,65.6855
2296,2016-11-09,63.8635
2297,2016-11-08,63.847
2298,2016-11-07,63.602
2299,2016-11-04,64.4523
2300,2016-11-03,63.5565
2301,2016-11-02,63.475
2302,2016-11-01,63.3118
2303,2016-10-31,63.3155
2304,2016-10-28,62.9205
2305,2016-10-27,62.6625
2306,2016-10-26,62.8655
2307,2016-10-25,62.083
2308,2016-10-24,62.1461
2309,2016-10-21,62.3775
2310,2016-10-20,62.36
2311,2016-10-19,62.18
2312,2016-10-18,62.4652
2313,2016-10-17,63.128
2314,2016-10-14,62.85
2315,2016-10-13,62.9675
2316,2016-10-12,63.09
2317,2016-10-11,62.6549
2318,2016-10-10,61.8052
2319,2016-10-07,62.2255
2320,2016-10-06,62.0945
2321,2016-10-05,62.3305
2322,2016-10-04,62.777
2323,2016-10-03,62.3218
2324,2016-09-30,62.8705
2325,2016-09-29,62.922
2326,2016-09-28,63.041
2327,2016-09-27,63.6305
2328,2016-09-26,63.8705
2329,2016-09-23,63.9745
2330,2016-09-22,63.6673
2331,2016-09-21,63.894
2332,2016-09-20,64.6616
2333,2016-09-19,64.5968
2334,2016-09-16,65.143
2335,2016-09-15,64.705
2336,2016-09-14,65.1665
2337,2016-09-13,65.4154
2338,2016-09-12,64.5079
2339,2016-09-09,64.7082
2340,2016-09-08,64.0295
2341,2016-09-07,64.141
2342,2016-09-06,64.3795
2343,2016-09-05,64.9397
2344,2016-09-02,65.13
2345,2016-09-01,66.0003
2346,2016-08-31,65.3545
2347,2016-08-30,65.3545
2348,2016-08-29,64.7718
2349,2016-08-26,64.7018
2350,2016-08-25,64.7251
2351,2016-08-24,65.2071
2352,2016-08-23,64.6545
2353,2016-08-22,64.7845
2354,2016-08-19,63.8955
2355,2016-08-18,63.5945
2356,2016-08-17,63.8655
2357,2016-08-16,63.8145
2358,2016-08-15,64.038
2359,2016-08-12,64.7505
2360,2016-08-11,64.3045
2361,2016-08-10,64.8495
2362,2016-08-09,64.745
2363,2016-08-08,64.6205
2364,2016-08-05,65.4478
2365,2016-08-04,65.839
2366,2016-08-03,66.373
2367,2016-08-02,66.639
2368,2016-08-01,66.9946
2369,2016-07-29,65.9755
2370,2016-07-28,66.5962
2371,2016-07-27,65.8689
2372,2016-07-26,65.9582
2373,2016-07-25,65.3995
2374,2016-07-22,64.71
2375,2016-07-21,64.201
2376,2016-07-20,63.708
2377,2016-07-19,63.4955
2378,2016-07-18,62.8195
2379,2016-07-15,63.4562
2380,2016-07-14,62.8693
2381,2016-07-13,63.9091
2382,2016-07-12,63.73
2383,2016-07-11,64.1863
2384,2016-07-08,63.8115
2385,2016-07-07,64.4256
2386,2016-07-06,64.4157
2387,2016-07-05,64.3695
2388,2016-07-04,63.842
2389,2016-07-01,63.79
2390,2016-06-30,63.7495
2391,2016-06-29,63.6693
2392,2016-06-28,63.9995
2393,2016-06-27,65.2995
2394,2016-06-24,64.7382
2395,2016-06-23,63.6881
2396,2016-06-22,64.6223
2397,2016-06-21,63.8905
2398,2016-06-20,64.2016
2399,2016-06-17,64.7456
2400,2016-06-16,65.7443
2401,2016-06-15,65.513
2402,2016-06-14,66.056
2403,2016-06-13,65.6005
2404,2016-06-10,65.237
2405,2016-06-09,64.308
2406,2016-06-08,63.6033
2407,2016-06-07,64.6455
2408,2016-06-06,65.2445
2409,2016-06-03,65.6105
2410,2016-06-02,66.9243
2411,2016-06-01,66.9217
2412,2016-05-31,66.7558
2413,2016-05-30,65.7368
2414,2016-05-27,65.8155
2415,2016-05-26,65.8609
2416,2016-05-25,65.4093
2417,2016-05-24,65.9725
2418,2016-05-23,66.788
2419,2016-05-20,66.732
2420,2016-05-19,66.7195
2421,2016-05-18,65.983
2422,2016-05-17,64.7855
2423,2016-05-16,64.8902
2424,2016-05-13,65.5255
2425,2016-05-12,64.7112
2426,2016-05-11,64.873
2427,2016-05-10,66.1665
2428,2016-05-09,66.5801
2429,2016-05-06,65.8495
2430,2016-05-05,65.8775
2431,2016-05-04,66.6195
2432,2016-05-03,66.4211
2433,2016-05-02,65.1709
2434,2016-04-29,64.6905
2435,2016-04-28,64.7561
2436,2016-04-27,65.1945
2437,2016-04-26,65.2191
2438,2016-04-25,66.5295
2439,2016-04-22,66.3705
2440,2016-04-21,66.7881
2441,2016-04-20,65.1135
2442,2016-04-19,65.8445
2443,2016-04-18,66.172
2444,2016-04-15,66.4125
2445,2016-04-14,65.9662
2446,2016-04-13,66.2155
2447,2016-04-12,65.6495
2448,2016-04-11,66.6455
2449,2016-04-08,67.1293
2450,2016-04-07,68.14
2451,2016-04-06,67.7318
2452,2016-04-05,68.5165
2453,2016-04-04,68.5495
2454,2016-04-01,67.635
2455,2016-03-31,66.9688
2456,2016-03-30,68.289
2457,2016-03-29,68.3095
2458,2016-03-28,68.726
2459,2016-03-25,68.308
2460,2016-03-24,68.9173
2461,2016-03-23,68.6605
2462,2016-03-22,67.2545
2463,2016-03-21,67.815
2464,2016-03-18,68.4955
2465,2016-03-17,68.152
2466,2016-03-16,69.2325
2467,2016-03-15,70.8705
2468,2016-03-14,69.9705
2469,2016-03-11,69.8642
2470,2016-03-10,71.4585
2471,2016-03-09,71.0945
2472,2016-03-08,73.0075
2473,2016-03-07,71.352
2474,2016-03-04,71.9205
2475,2016-03-03,72.9683
2476,2016-03-02,73.3695
2477,2016-03-01,73.384
2478,2016-02-29,75.2506
2479,2016-02-26,76.1273
2480,2016-02-25,75.2855
2481,2016-02-24,75.7905
2482,2016-02-23,76.2616
2483,2016-02-22,74.957
2484,2016-02-19,77.015
2485,2016-02-18,76.6445
2486,2016-02-17,75.0385
2487,2016-02-16,77.8507
2488,2016-02-15,76.9548
2489,2016-02-12,78.3435
2490,2016-02-11,80.1425
2491,2016-02-10,79.543
2492,2016-02-09,79.7543
2493,2016-02-08,77.8262
2494,2016-02-05,77.5078
2495,2016-02-04,76.6545
2496,2016-02-03,76.7955
2497,2016-02-02,79.7922
2498,2016-02-01,77.2232
2499,2016-01-29,75.4626
2500,2016-01-28,76.328
2501,2016-01-27,78.045
2502,2016-01-26,78.825
2503,2016-01-25,79.9404
2504,2016-01-22,78.1
2505,2016-01-21,82.3675
2506,2016-01-20,81.3475
2507,2016-01-19,78.785
2508,2016-01-18,79.3775
2509,2016-01-15,77.745
2510,2016-01-14,76.2125
2511,2016-01-13,76.6
2512,2016-01-12,76.905
2513,2016-01-11,76.37
2514,2016-01-08,74.59
2515,2016-01-07,75.0495
2516,2016-01-06,74.552
2517,2016-01-05,73.38
2518,2016-01-04,72.72
2519,2016-01-01,72.88
2520,2015-12-31,72.9495
2521,2015-12-30,73.1995
2522,2015-12-29,72.275
2523,2015-12-28,72.29
2524,2015-12-25,70.639
2525,2015-12-24,70.2
2526,2015-12-23,69.835
2527,2015-12-22,71.188
2528,2015-12-21,71.1745
2529,2015-12-18,71.007
2530,2015-12-17,71.29
2531,2015-12-16,70.265
2532,2015-12-15,69.9084
2533,2015-12-14,70.47
2534,2015-12-11,70.36
2535,2015-12-10,68.205
2536,2015-12-09,69.61
2537,2015-12-08,69.45
2538,2015-12-07,69.155
2539,2015-12-04,68.025
2540,2015-12-03,67.428
2541,2015-12-02,67.415
2542,2015-12-01,66.6525
2543,2015-11-30,66.3
2544,2015-11-27,66.355
2545,2015-11-26,65.837
2546,2015-11-25,65.575
2547,2015-11-24,65.445
2548,2015-11-23,65.815
2549,2015-11-20,64.6
2550,2015-11-19,64.48
2551,2015-11-18,64.81
2552,2015-11-17,65.0525
2553,2015-11-16,65.308
2554,2015-11-13,66.825
2555,2015-11-12,66.5975
2556,2015-11-11,65.295
2557,2015-11-10,64.4
2558,2015-11-09,64.5577
2559,2015-11-06,64.235
2560,2015-11-05,63.26
2561,2015-11-04,63.14
2562,2015-11-03,62.535
2563,2015-11-02,63.6216
2564,2015-10-30,64.0
2565,2015-10-29,64.2651
2566,2015-10-28,63.8825
2567,2015-10-27,65.43
2568,2015-10-26,62.965
2569,2015-10-23,62.17
2570,2015-10-22,62.35
2571,2015-10-21,62.5225
2572,2015-10-20,61.8825
2573,2015-10-19,62.3725
2574,2015-10-16,61.0525
2575,2015-10-15,61.392
2576,2015-10-14,62.681
2577,2015-10-13,62.98
2578,2015-10-12,61.645
2579,2015-10-09,61.8043
2580,2015-10-08,61.35
2581,2015-10-07,61.833
2582,2015-10-06,63.2793
2583,2015-10-05,64.4793
2584,2015-10-02,66.1055
2585,2015-10-01,65.523
2586,2015-09-30,65.3218
2587,2015-09-29,66.2
2588,2015-09-28,66.215
2589,2015-09-25,65.495
2590,2015-09-24,66.133
2591,2015-09-23,66.555
2592,2015-09-22,65.975
2593,2015-09-21,66.029
2594,2015-09-18,66.4
2595,2015-09-17,65.4
2596,2015-09-16,65.489
2597,2015-09-15,66.8165
2598,2015-09-14,67.6816
2599,2015-09-11,67.775
2600,2015-09-10,67.632
2601,2015-09-09,68.442
2602,2015-09-08,68.014
2603,2015-09-07,69.096
2604,2015-09-04,68.462
2605,2015-09-03,66.44
2606,2015-09-02,66.955
2607,2015-09-01,66.1505
2608,2015-08-31,63.843
2609,2015-08-28,65.2015
2610,2015-08-27,66.1543
2611,2015-08-26,68.9418
2612,2015-08-25,68.9555
2613,2015-08-24,70.844
2614,2015-08-21,69.0443
2615,2015-08-20,67.8655
2616,2015-08-19,66.585
2617,2015-08-18,65.8175
2618,2015-08-17,65.303
2619,2015-08-14,64.858
2620,2015-08-13,64.7343
2621,2015-08-12,64.4755
2622,2015-08-11,64.189
2623,2015-08-10,63.0205
2624,2015-08-07,64.0215
2625,2015-08-06,63.9555
2626,2015-08-05,63.489
2627,2015-08-04,62.8218
2628,2015-08-03,63.5543
2629,2015-07-31,61.726
2630,2015-07-30,59.7355
2631,2015-07-29,58.494
2632,2015-07-28,59.868
2633,2015-07-27,59.9955
2634,2015-07-24,58.4455
2635,2015-07-23,57.689
2636,2015-07-22,56.955
2637,2015-07-21,56.928
2638,2015-07-20,57.205
2639,2015-07-17,56.9365
2640,2015-07-16,56.942
2641,2015-07-15,56.8805
2642,2015-07-14,56.393
2643,2015-07-13,56.5108
2644,2015-07-10,56.335
2645,2015-07-09,57.0993
2646,2015-07-08,57.395
2647,2015-07-07,56.739
2648,2015-07-06,56.889
2649,2015-07-03,55.9355
2650,2015-07-02,55.48
2651,2015-07-01,55.8
2652,2015-06-30,55.3
2653,2015-06-29,55.675
2654,2015-06-26,54.773
2655,2015-06-25,54.6629
2656,2015-06-24,54.258
2657,2015-06-23,53.78
2658,2015-06-22,53.935
2659,2015-06-19,54.0
2660,2015-06-18,53.47
2661,2015-06-17,53.63
2662,2015-06-16,54.055
2663,2015-06-15,54.5
2664,2015-06-12,55.09
2665,2015-06-11,54.798
2666,2015-06-10,54.316
2667,2015-06-09,55.6625
2668,2015-06-08,55.995
2669,2015-06-05,56.195
2670,2015-06-04,56.235
2671,2015-06-03,54.3
2672,2015-06-02,52.735
2673,2015-06-01,53.48
2674,2015-05-29,52.355
2675,2015-05-28,52.525
2676,2015-05-27,51.7825
2677,2015-05-26,50.82
2678,2015-05-25,49.92
2679,2015-05-22,49.925
2680,2015-05-21,49.965
2681,2015-05-20,49.701
2682,2015-05-19,49.47
2683,2015-05-18,49.2175
2684,2015-05-15,49.435
2685,2015-05-14,50.02
2686,2015-05-13,49.256
2687,2015-05-12,49.9446
2688,2015-05-11,51.145
2689,2015-05-08,50.759
2690,2015-05-07,50.023
2691,2015-05-06,50.45
2692,2015-05-05,50.485
2693,2015-05-04,52.01
2694,2015-05-01,51.776
2695,2015-04-30,51.565
2696,2015-04-29,50.865
2697,2015-04-28,51.555
2698,2015-04-27,51.775
2699,2015-04-24,50.815
2700,2015-04-23,50.765
2701,2015-04-22,52.18
2702,2015-04-21,53.8
2703,2015-04-20,53.335
2704,2015-04-17,51.895
2705,2015-04-16,49.8
2706,2015-04-15,49.7
2707,2015-04-14,50.897
2708,2015-04-13,52.03
2709,2015-04-10,53.6
2710,2015-04-09,51.847
2711,2015-04-08,53.637
2712,2015-04-07,55.026
2713,2015-04-06,55.355
2714,2015-04-03,56.4325
2715,2015-04-02,56.25
2716,2015-04-01,57.61
2717,2015-03-31,58.205
2718,2015-03-30,57.61
2719,2015-03-27,57.855
2720,2015-03-26,57.315
2721,2015-03-25,57.33
2722,2015-03-24,57.69
2723,2015-03-23,58.73
2724,2015-03-20,59.145
2725,2015-03-19,60.071
2726,2015-03-18,59.345
2727,2015-03-17,61.38
2728,2015-03-16,61.995
2729,2015-03-13,62.11
2730,2015-03-12,61.145
2731,2015-03-11,61.435
2732,2015-03-10,62.315
2733,2015-03-09,60.7395
2734,2015-03-06,60.365
2735,2015-03-05,60.77
2736,2015-03-04,61.86
2737,2015-03-03,61.887
2738,2015-03-02,62.34
2739,2015-02-27,61.53
2740,2015-02-26,61.15
2741,2015-02-25,61.16
2742,2015-02-24,63.18
2743,2015-02-23,63.75
2744,2015-02-20,61.715
2745,2015-02-19,61.9
2746,2015-02-18,61.582
2747,2015-02-17,62.505
2748,2015-02-16,63.184
2749,2015-02-13,63.5
2750,2015-02-12,65.27
2751,2015-02-11,65.25
2752,2015-02-10,65.455
2753,2015-02-09,65.86
2754,2015-02-06,67.105
2755,2015-02-05,66.517
2756,2015-02-04,67.85
2757,2015-02-03,65.175
2758,2015-02-02,68.275
2759,2015-01-30,69.0825
2760,2015-01-29,68.88
2761,2015-01-28,67.995
2762,2015-01-27,67.614
2763,2015-01-26,68.32
2764,2015-01-23,64.01
2765,2015-01-22,64.171
2766,2015-01-21,65.22
2767,2015-01-20,65.1
2768,2015-01-19,64.984
2769,2015-01-16,65.01
2770,2015-01-15,65.14
2771,2015-01-14,64.335
2772,2015-01-13,65.19
2773,2015-01-12,63.185
2774,2015-01-09,61.28
2775,2015-01-08,59.86
2776,2015-01-07,62.65
2777,2015-01-06,63.145
2778,2015-01-05,60.4125
2779,2015-01-02,58.745
2780,2015-01-01,58.047
2781,2014-12-31,58.047
2782,2014-12-30,55.29
2783,2014-12-29,59.116
2784,2014-12-26,53.948
2785,2014-12-25,53.0
2786,2014-12-24,53.3
2787,2014-12-23,54.48
2788,2014-12-22,55.62
2789,2014-12-19,58.2505
2790,2014-12-18,61.935
2791,2014-12-17,60.151
2792,2014-12-16,68.4175
2793,2014-12-15,65.8975
2794,2014-12-12,58.214
2795,2014-12-11,56.42
2796,2014-12-10,54.865
2797,2014-12-09,54.063
2798,2014-12-08,53.745
2799,2014-12-05,52.615
2800,2014-12-04,54.384
2801,2014-12-03,53.481
2802,2014-12-02,53.871
2803,2014-12-01,51.185
2804,2014-11-28,50.38
2805,2014-11-27,48.636
2806,2014-11-26,47.42
2807,2014-11-25,46.3
2808,2014-11-24,44.9937
2809,2014-11-21,45.6897
2810,2014-11-20,46.156
2811,2014-11-19,46.8583
2812,2014-11-18,46.9001
2813,2014-11-17,47.1125
2814,2014-11-14,47.1851
2815,2014-11-13,46.7025
2816,2014-11-12,45.515
2817,2014-11-11,46.37
2818,2014-11-10,45.861
2819,2014-11-07,46.671
2820,2014-11-06,46.82
2821,2014-11-05,44.887
2822,2014-11-04,43.585
2823,2014-11-03,43.595
2824,2014-10-31,43.0075
2825,2014-10-30,41.572
2826,2014-10-29,43.175
2827,2014-10-28,42.435
2828,2014-10-27,42.25
2829,2014-10-24,41.9075
2830,2014-10-23,41.695
2831,2014-10-22,41.375
2832,2014-10-21,40.9475
2833,2014-10-20,41.0425
2834,2014-10-17,40.739
2835,2014-10-16,40.8725
2836,2014-10-15,40.3941
2837,2014-10-14,40.9137
2838,2014-10-13,40.4275
2839,2014-10-10,40.355
2840,2014-10-09,40.131
2841,2014-10-08,39.97
2842,2014-10-07,39.94
2843,2014-10-06,39.716
2844,2014-10-03,39.976
2845,2014-10-02,39.5472
2846,2014-10-01,39.668
2847,2014-09-30,39.5936
2848,2014-09-29,39.4619
2849,2014-09-26,39.1375
2850,2014-09-25,38.4777
2851,2014-09-24,38.17
2852,2014-09-23,38.6
2853,2014-09-22,38.66
2854,2014-09-19,38.4275
2855,2014-09-18,38.4439
2856,2014-09-17,38.505
2857,2014-09-16,38.3225
2858,2014-09-15,38.345
2859,2014-09-12,37.785
2860,2014-09-11,37.5518
2861,2014-09-10,37.2921
2862,2014-09-09,37.0888
2863,2014-09-08,37.0459
2864,2014-09-05,36.94
2865,2014-09-04,36.98
2866,2014-09-03,36.8475
2867,2014-09-02,37.441
2868,2014-09-01,37.3225
2869,2014-08-29,37.0475
2870,2014-08-28,36.7631
2871,2014-08-27,36.1727
2872,2014-08-26,36.155
2873,2014-08-25,36.1215
2874,2014-08-22,36.1352
2875,2014-08-21,36.0005
2876,2014-08-20,36.3275
2877,2014-08-19,36.165
2878,2014-08-18,36.0705
2879,2014-08-15,36.11
2880,2014-08-14,36.0247
2881,2014-08-13,35.9914
2882,2014-08-12,36.182
2883,2014-08-11,35.903
2884,2014-08-08,36.148
2885,2014-08-07,36.32
2886,2014-08-06,36.1865
2887,2014-08-05,36.0973
2888,2014-08-04,35.8523
2889,2014-08-01,35.7542
2890,2014-07-31,35.7191
2891,2014-07-30,35.5691
2892,2014-07-29,35.825
2893,2014-07-28,35.55
2894,2014-07-25,35.1296
2895,2014-07-24,35.0825
2896,2014-07-23,34.8725
2897,2014-07-22,34.9901
2898,2014-07-21,35.17
2899,2014-07-18,35.173
2900,2014-07-17,35.2657
2901,2014-07-16,34.5775
2902,2014-07-15,34.3925
2903,2014-07-14,34.3175
2904,2014-07-11,34.1718
2905,2014-07-10,34.05
2906,2014-07-09,33.9233
2907,2014-07-08,34.2075
2908,2014-07-07,34.4275
2909,2014-07-04,34.3893
2910,2014-07-03,34.2863
2911,2014-07-02,34.27
2912,2014-07-01,34.3525
2913,2014-06-30,33.9779
2914,2014-06-27,33.7479
2915,2014-06-26,33.7115
2916,2014-06-25,33.7498
2917,2014-06-24,33.8025
2918,2014-06-23,34.0829
2919,2014-06-20,34.4425
2920,2014-06-19,34.37
2921,2014-06-18,34.372
2922,2014-06-17,34.8275
2923,2014-06-16,34.61
2924,2014-06-13,34.37
2925,2014-06-12,34.355
2926,2014-06-11,34.383
2927,2014-06-10,34.3588
2928,2014-06-09,34.3525
2929,2014-06-06,34.4325
2930,2014-06-05,34.6825
2931,2014-06-04,34.9675
2932,2014-06-03,35.0875
2933,2014-06-02,35.05
2934,2014-05-30,34.915
2935,2014-05-29,34.66
2936,2014-05-28,34.5678
2937,2014-05-27,34.4125
2938,2014-05-26,34.17
2939,2014-05-23,34.11
2940,2014-05-22,34.2975
2941,2014-05-21,34.3325
2942,2014-05-20,34.5025
2943,2014-05-19,34.5825
2944,2014-05-16,34.73
2945,2014-05-15,34.76
2946,2014-05-14,34.6675
2947,2014-05-13,34.86
2948,2014-05-12,35.0
2949,2014-05-09,35.2175
2950,2014-05-08,35.1125
2951,2014-05-07,34.9225
2952,2014-05-06,35.405
2953,2014-05-05,35.7225
2954,2014-05-02,35.8325
2955,2014-05-01,35.6225
2956,2014-04-30,35.622
2957,2014-04-29,35.625
2958,2014-04-28,35.835
2959,2014-04-25,36.005
2960,2014-04-24,35.76
2961,2014-04-23,35.7
2962,2014-04-22,35.68
2963,2014-04-21,35.6825
2964,2014-04-18,35.6
2965,2014-04-17,35.4375
2966,2014-04-16,36.0236
2967,2014-04-15,36.2525
2968,2014-04-14,35.975
2969,2014-04-11,35.63
2970,2014-04-10,35.545
2971,2014-04-09,35.57
2972,2014-04-08,35.735
2973,2014-04-07,35.6025
2974,2014-04-04,35.3136
2975,2014-04-03,35.5675
2976,2014-04-02,35.4375
2977,2014-04-01,35.0375
2978,2014-03-31,35.0325
2979,2014-03-28,35.7925
2980,2014-03-27,35.6025
2981,2014-03-26,35.53
2982,2014-03-25,35.4825
2983,2014-03-24,36.08
2984,2014-03-21,36.233
2985,2014-03-20,36.3775
2986,2014-03-19,36.1717
2987,2014-03-18,36.23
2988,2014-03-17,36.275
2989,2014-03-14,36.56
2990,2014-03-13,36.5725
2991,2014-03-12,36.465
2992,2014-03-11,36.44
2993,2014-03-10,36.3725
2994,2014-03-07,36.3725
2995,2014-03-06,36.123
2996,2014-03-05,36.03
2997,2014-03-04,36.08
2998,2014-03-03,36.5175
2999,2014-02-28,36.045
3000,2014-02-27,36.005
3001,2014-02-26,36.025
3002,2014-02-25,35.7275
3003,2014-02-24,35.5175
3004,2014-02-21,35.495
3005,2014-02-20,35.7505
3006,2014-02-19,35.7725
3007,2014-02-18,35.445
3008,2014-02-17,35.1975
3009,2014-02-14,35.105
3010,2014-02-13,35.0675
3011,2014-02-12,34.8186
3012,2014-02-11,34.7275
3013,2014-02-10,34.735
3014,2014-02-07,34.7375
3015,2014-02-06,34.715
3016,2014-02-05,34.86
3017,2014-02-04,35.01
3018,2014-02-03,35.44
3019,2014-01-31,35.1662
3020,2014-01-30,34.915
3021,2014-01-29,35.0811
3022,2014-01-28,34.7725
3023,2014-01-27,34.6835
3024,2014-01-24,34.495
3025,2014-01-23,34.1375
3026,2014-01-22,33.93
3027,2014-01-21,33.9725
3028,2014-01-20,33.7575
3029,2014-01-17,33.6
3030,2014-01-16,33.4064
3031,2014-01-15,33.3825
3032,2014-01-14,33.3025
3033,2014-01-13,33.2725
3034,2014-01-10,32.987
3035,2014-01-09,33.2027
3036,2014-01-08,33.172
3037,2014-01-07,33.135
3038,2014-01-06,33.205
3039,2014-01-03,33.195
3040,2014-01-02,33.095
3041,2014-01-01,32.84
3042,2013-12-31,32.89
3043,2013-12-30,32.805
3044,2013-12-27,32.5975
3045,2013-12-26,32.66
3046,2013-12-25,32.6725
3047,2013-12-24,32.6125
3048,2013-12-23,32.695
3049,2013-12-20,32.97
3050,2013-12-19,32.97
3051,2013-12-18,32.885
3052,2013-12-17,32.9675
3053,2013-12-16,32.925
3054,2013-12-13,32.8927
3055,2013-12-12,32.8225
3056,2013-12-11,32.7575
3057,2013-12-10,32.705
3058,2013-12-09,32.6785
3059,2013-12-06,32.7625
3060,2013-12-05,32.9704
3061,2013-12-04,33.1026
3062,2013-12-03,33.2367
3063,2013-12-02,33.22
3064,2013-11-29,33.1388
3065,2013-11-28,33.1479
3066,2013-11-27,33.181
3067,2013-11-26,32.95
3068,2013-11-25,32.9108
3069,2013-11-22,32.7345
3070,2013-11-21,32.983
3071,2013-11-20,32.905
3072,2013-11-19,32.712
3073,2013-11-18,32.5664
3074,2013-11-15,32.5614
3075,2013-11-14,32.7475
3076,2013-11-13,32.743
3077,2013-11-12,32.861
3078,2013-11-11,32.8275
3079,2013-11-08,32.655
3080,2013-11-07,32.454
3081,2013-11-06,32.371
3082,2013-11-05,32.54
3083,2013-11-04,32.373
3084,2013-11-01,32.4575
3085,2013-10-31,32.079
3086,2013-10-30,31.995
3087,2013-10-29,32.118
3088,2013-10-28,31.913
3089,2013-10-25,31.8014
3090,2013-10-24,31.6875
3091,2013-10-23,31.7472
3092,2013-10-22,31.685
3093,2013-10-21,31.971
3094,2013-10-18,31.8613
3095,2013-10-17,31.8625
3096,2013-10-16,32.053
3097,2013-10-15,32.299
3098,2013-10-14,32.276
3099,2013-10-11,32.221
3100,2013-10-10,32.171
3101,2013-10-09,32.316
3102,2013-10-08,32.386
3103,2013-10-07,32.208
3104,2013-10-04,32.169
3105,2013-10-03,32.1614
3106,2013-10-02,32.213
3107,2013-10-01,32.245
3108,2013-09-30,32.379
3109,2013-09-27,32.305
3110,2013-09-26,32.3242
3111,2013-09-25,32.079
3112,2013-09-24,31.878
3113,2013-09-23,31.809
3114,2013-09-20,31.858
3115,2013-09-19,31.6525
3116,2013-09-18,31.788
3117,2013-09-17,32.203
3118,2013-09-16,32.3175
3119,2013-09-13,32.46
3120,2013-09-12,32.6475
3121,2013-09-11,32.78
3122,2013-09-10,32.94
3123,2013-09-09,33.153
3124,2013-09-06,33.267
3125,2013-09-05,33.4375
3126,2013-09-04,33.3175
3127,2013-09-03,33.495
3128,2013-09-02,33.395
3129,2013-08-30,33.258
3130,2013-08-29,33.2525
3131,2013-08-28,33.185
3132,2013-08-27,33.155
3133,2013-08-26,33.08
3134,2013-08-23,33.03
3135,2013-08-22,33.05
3136,2013-08-21,33.1475
3137,2013-08-20,32.945
3138,2013-08-19,32.9825
3139,2013-08-16,32.9125
3140,2013-08-15,32.895
3141,2013-08-14,33.0825
3142,2013-08-13,33.0675
3143,2013-08-12,33.015
3144,2013-08-09,32.875
3145,2013-08-08,32.855
3146,2013-08-07,32.958
3147,2013-08-06,32.98
3148,2013-08-05,32.9125
3149,2013-08-02,32.83
3150,2013-08-01,33.105
3151,2013-07-31,32.955
3152,2013-07-30,32.962
3153,2013-07-29,32.855
3154,2013-07-26,32.7825
3155,2013-07-25,32.66
3156,2013-07-24,32.4775
3157,2013-07-23,32.29
3158,2013-07-22,32.34
3159,2013-07-19,32.3725
3160,2013-07-18,32.4775
3161,2013-07-17,32.32
3162,2013-07-16,32.415
3163,2013-07-15,32.587
3164,2013-07-12,32.635
3165,2013-07-11,32.5279
3166,2013-07-10,32.9505
3167,2013-07-09,32.9905
3168,2013-07-08,33.2005
3169,2013-07-05,33.323
3170,2013-07-04,33.213
3171,2013-07-03,33.13
3172,2013-07-02,33.185
3173,2013-07-01,32.988
3174,2013-06-28,32.8305
3175,2013-06-27,32.812
3176,2013-06-26,32.938
3177,2013-06-25,32.8165
3178,2013-06-24,32.7605
3179,2013-06-21,32.7705
3180,2013-06-20,33.0505
3181,2013-06-19,32.378
3182,2013-06-18,32.003
3183,2013-06-17,31.7522
3184,2013-06-14,31.723
3185,2013-06-13,31.9705
3186,2013-06-12,32.2155
3187,2013-06-11,32.3905
3188,2013-06-10,32.295
3189,2013-06-07,32.203
3190,2013-06-06,32.1255
3191,2013-06-05,32.17
3192,2013-06-04,31.9405
3193,2013-06-03,31.838
3194,2013-05-31,31.9175
3195,2013-05-30,31.7255
3196,2013-05-29,31.623
3197,2013-05-28,31.52
3198,2013-05-27,31.3535
3199,2013-05-24,31.3255
3200,2013-05-23,31.4775
3201,2013-05-22,31.4105
3202,2013-05-21,31.2355
3203,2013-05-20,31.2325
3204,2013-05-17,31.448
3205,2013-05-16,31.3905
3206,2013-05-15,31.45
3207,2013-05-14,31.355
3208,2013-05-13,31.335
3209,2013-05-10,31.353
3210,2013-05-09,31.1925
3211,2013-05-08,31.143
3212,2013-05-07,31.063
3213,2013-05-06,31.0355
3214,2013-05-03,31.0755
3215,2013-05-02,31.148
3216,2013-05-01,31.343
3217,2013-04-30,31.123
3218,2013-04-29,30.968
3219,2013-04-26,31.2825
3220,2013-04-25,31.1575
3221,2013-04-24,31.475
3222,2013-04-23,31.63
3223,2013-04-22,31.56
3224,2013-04-19,31.6605
3225,2013-04-18,31.58
3226,2013-04-17,31.8825
3227,2013-04-16,31.2438
3228,2013-04-15,31.4987
3229,2013-04-12,31.06
3230,2013-04-11,30.8605
3231,2013-04-10,30.888
3232,2013-04-09,31.02
3233,2013-04-08,31.2175
3234,2013-04-05,31.5005
3235,2013-04-04,31.598
3236,2013-04-03,31.6475
3237,2013-04-02,31.318
3238,2013-04-01,31.0825
3239,2013-03-29,31.0725
3240,2013-03-28,31.1125
3241,2013-03-27,31.03
3242,2013-03-26,30.875
3243,2013-03-25,30.935
3244,2013-03-22,30.845
3245,2013-03-21,30.945
3246,2013-03-20,30.87
3247,2013-03-19,30.9925
3248,2013-03-18,30.8025
3249,2013-03-15,30.6218
3250,2013-03-14,30.715
3251,2013-03-13,30.7947
3252,2013-03-12,30.6725
3253,2013-03-11,30.6913
3254,2013-03-08,30.7775
3255,2013-03-07,30.7075
3256,2013-03-06,30.7775
3257,2013-03-05,30.6143
3258,2013-03-04,30.7643
3259,2013-03-01,30.6922
3260,2013-02-28,30.645
3261,2013-02-27,30.48
3262,2013-02-26,30.6
3263,2013-02-25,30.47
3264,2013-02-22,30.375
3265,2013-02-21,30.455
3266,2013-02-20,30.225
3267,2013-02-19,30.085
3268,2013-02-18,30.105
3269,2013-02-15,30.0984
3270,2013-02-14,30.1175
3271,2013-02-13,30.0475
3272,2013-02-12,30.03
3273,2013-02-11,30.1565
3274,2013-02-08,30.165
3275,2013-02-07,30.245
3276,2013-02-06,30.0717
3277,2013-02-05,29.9625
3278,2013-02-04,30.07
3279,2013-02-01,29.8575
3280,2013-01-31,30.025
3281,2013-01-30,30.0375
3282,2013-01-29,30.035
3283,2013-01-28,30.175
3284,2013-01-25,30.0377
3285,2013-01-24,30.0738
3286,2013-01-23,30.15
3287,2013-01-22,30.2375
3288,2013-01-21,30.244
3289,2013-01-18,30.2518
3290,2013-01-17,30.1693
3291,2013-01-16,30.3388
3292,2013-01-15,30.2947
3293,2013-01-14,30.2187
3294,2013-01-11,30.3225
3295,2013-01-10,30.128
3296,2013-01-09,30.3482
3297,2013-01-08,30.2975
3298,2013-01-07,30.334
3299,2013-01-04,30.3225
3300,2013-01-03,30.2349
3301,2013-01-02,30.1598
3302,2013-01-01,30.573
3303,2012-12-31,30.5525
3304,2012-12-28,30.3536
3305,2012-12-27,30.36
3306,2012-12-26,30.5798
3307,2012-12-25,30.692
3308,2012-12-24,30.6293
3309,2012-12-21,30.8239
3310,2012-12-20,30.6975
3311,2012-12-19,30.76
3312,2012-12-18,30.735
3313,2012-12-17,30.9715
3314,2012-12-14,30.7025
3315,2012-12-13,30.729
3316,2012-12-12,30.5415
3317,2012-12-11,30.7025
3318,2012-12-10,30.783
3319,2012-12-07,30.818
3320,2012-12-06,30.947
3321,2012-12-05,30.789
3322,2012-12-04,30.8358
3323,2012-12-03,30.8782
3324,2012-11-30,30.8617
3325,2012-11-29,30.858
3326,2012-11-28,31.065
3327,2012-11-27,31.0417
3328,2012-11-26,31.0047
3329,2012-11-23,31.045
3330,2012-11-22,31.17
3331,2012-11-21,31.177
3332,2012-11-20,31.294
3333,2012-11-19,31.41
3334,2012-11-16,31.7053
3335,2012-11-15,31.661
3336,2012-11-14,31.703
3337,2012-11-13,31.7469
3338,2012-11-12,31.605
3339,2012-11-09,31.57
3340,2012-11-08,31.505
3341,2012-11-07,31.575
3342,2012-11-06,31.359
3343,2012-11-05,31.6025
3344,2012-11-02,31.4672
3345,2012-11-01,31.2746
3346,2012-10-31,31.3375
3347,2012-10-30,31.367
3348,2012-10-29,31.48
3349,2012-10-26,31.3851
3350,2012-10-25,31.375
3351,2012-10-24,31.43
3352,2012-10-23,31.3699
3353,2012-10-22,31.094
3354,2012-10-19,30.887
3355,2012-10-18,30.7874
3356,2012-10-17,30.741
3357,2012-10-16,30.8465
3358,2012-10-15,30.9935
3359,2012-10-12,31.095
3360,2012-10-11,31.0282
3361,2012-10-10,31.1125
3362,2012-10-09,31.14
3363,2012-10-08,31.1718
3364,2012-10-05,30.9953
3365,2012-10-04,30.98
3366,2012-10-03,31.1483
3367,2012-10-02,31.13
3368,2012-10-01,31.195
3369,2012-09-28,31.18
3370,2012-09-27,30.976
3371,2012-09-26,31.2955
3372,2012-09-25,31.195
3373,2012-09-24,31.1305
3374,2012-09-21,31.028
3375,2012-09-20,31.2247
3376,2012-09-19,31.196
3377,2012-09-18,30.898
3378,2012-09-17,30.6219
3379,2012-09-14,30.489
3380,2012-09-13,31.0614
3381,2012-09-12,31.4432
3382,2012-09-11,31.4995
3383,2012-09-10,31.6646
3384,2012-09-07,31.66
3385,2012-09-06,31.9446
3386,2012-09-05,32.2838
3387,2012-09-04,32.284
3388,2012-09-03,32.2891
3389,2012-08-31,32.245
3390,2012-08-30,32.5465
3391,2012-08-29,32.2007
3392,2012-08-28,31.9804
3393,2012-08-27,31.895
3394,2012-08-24,31.81
3395,2012-08-23,31.6827
3396,2012-08-22,31.7711
3397,2012-08-21,31.7525
3398,2012-08-20,32.046
3399,2012-08-17,32.0325
3400,2012-08-16,31.8469
3401,2012-08-15,31.856
3402,2012-08-14,31.8315
3403,2012-08-13,31.8618
3404,2012-08-10,31.825
3405,2012-08-09,31.705
3406,2012-08-08,31.5202
3407,2012-08-07,31.5321
3408,2012-08-06,31.5625
3409,2012-08-03,31.985
3410,2012-08-02,32.655
3411,2012-08-01,32.3895
3412,2012-07-31,32.1986
3413,2012-07-30,32.1644
3414,2012-07-27,32.03
3415,2012-07-26,32.3447
3416,2012-07-25,32.6383
3417,2012-07-24,32.9307
3418,2012-07-23,32.6574
3419,2012-07-20,32.0484
3420,2012-07-19,31.8117
3421,2012-07-18,32.2165
3422,2012-07-17,32.3373
3423,2012-07-16,32.5275
3424,2012-07-13,32.5575
3425,2012-07-12,32.7375
3426,2012-07-11,32.702
3427,2012-07-10,32.887
3428,2012-07-09,32.97
3429,2012-07-06,32.86
3430,2012-07-05,32.513
3431,2012-07-04,32.333
3432,2012-07-03,32.224
3433,2012-07-02,32.561
3434,2012-06-29,32.39
3435,2012-06-28,33.1275
3436,2012-06-27,32.951
3437,2012-06-26,32.898
3438,2012-06-25,33.23
3439,2012-06-22,33.205
3440,2012-06-21,33.1775
3441,2012-06-20,32.57
3442,2012-06-19,32.38
3443,2012-06-18,32.405
3444,2012-06-15,32.37
3445,2012-06-14,32.495
3446,2012-06-13,32.4675
3447,2012-06-12,33.02
3448,2012-06-11,32.7465
3449,2012-06-08,32.524
3450,2012-06-07,32.294
3451,2012-06-06,32.3447
3452,2012-06-05,33.0615
3453,2012-06-04,33.4715
3454,2012-06-01,33.6389
3455,2012-05-31,33.3863
3456,2012-05-30,32.8145
3457,2012-05-29,32.2855
3458,2012-05-28,32.0647
3459,2012-05-25,32.089
3460,2012-05-24,31.7808
3461,2012-05-23,31.734
3462,2012-05-22,31.2138
3463,2012-05-21,31.1065
3464,2012-05-18,31.2075
3465,2012-05-17,31.0675
3466,2012-05-16,31.0115
3467,2012-05-15,30.692
3468,2012-05-14,30.4113
3469,2012-05-11,30.1547
3470,2012-05-10,30.147
3471,2012-05-09,30.3564
3472,2012-05-08,30.1565
3473,2012-05-07,30.0665
3474,2012-05-04,29.7715
3475,2012-05-03,29.5043
3476,2012-05-02,29.403
3477,2012-05-01,29.3249
3478,2012-04-30,29.3581
3479,2012-04-27,29.302
3480,2012-04-26,29.3328
3481,2012-04-25,29.315
3482,2012-04-24,29.3455
3483,2012-04-23,29.5108
3484,2012-04-20,29.4284
3485,2012-04-19,29.5108
3486,2012-04-18,29.513
3487,2012-04-17,29.4896
3488,2012-04-16,29.607
3489,2012-04-13,29.589
3490,2012-04-12,29.4031
3491,2012-04-11,29.6404
3492,2012-04-10,29.8076
3493,2012-04-09,29.5871
3494,2012-04-06,29.569
3495,2012-04-05,29.4642
3496,2012-04-04,29.4524
3497,2012-04-03,29.2255
3498,2012-04-02,29.2807
3499,2012-03-30,29.316
3500,2012-03-29,29.4664
3501,2012-03-28,29.3692
3502,2012-03-27,29.0486
3503,2012-03-26,28.9365
3504,2012-03-23,29.2915
3505,2012-03-22,29.4154
3506,2012-03-21,29.25
3507,2012-03-20,29.2439
3508,2012-03-19,29.1173
3509,2012-03-16,29.2309
3510,2012-03-15,29.3471
3511,2012-03-14,29.5342
3512,2012-03-13,29.4514
3513,2012-03-12,29.5621
3514,2012-03-09,29.4136
3515,2012-03-08,29.3497
3516,2012-03-07,29.6375
3517,2012-03-06,29.6188
3518,2012-03-05,29.3458
3519,2012-03-02,29.3234
3520,2012-03-01,29.2198
3521,2012-02-29,29.0815
3522,2012-02-28,28.9613
3523,2012-02-27,29.0192
3524,2012-02-24,29.1614
3525,2012-02-23,29.619
3526,2012-02-22,29.689
3527,2012-02-21,29.7584
3528,2012-02-20,29.7776
3529,2012-02-17,29.9565
3530,2012-02-16,30.0335
3531,2012-02-15,30.0377
3532,2012-02-14,30.0771
3533,2012-02-13,29.926
3534,2012-02-10,30.0447
3535,2012-02-09,29.7071
3536,2012-02-08,29.7352
3537,2012-02-07,29.7385
3538,2012-02-06,30.0523
3539,2012-02-03,30.1409
3540,2012-02-02,30.1847
3541,2012-02-01,30.1709
3542,2012-01-31,30.2997
3543,2012-01-30,30.3913
3544,2012-01-27,30.1105
3545,2012-01-26,30.3091
3546,2012-01-25,30.5183
3547,2012-01-24,30.7769
3548,2012-01-23,30.8771
3549,2012-01-20,31.3625
3550,2012-01-19,31.3275
3551,2012-01-18,31.425
3552,2012-01-17,31.6124
3553,2012-01-16,31.6726
3554,2012-01-13,31.8535
3555,2012-01-12,31.5545
3556,2012-01-11,31.7026
3557,2012-01-10,31.5662
3558,2012-01-09,31.9
3559,2012-01-06,32.0949
3560,2012-01-05,32.0366
3561,2012-01-04,31.8125
3562,2012-01-03,31.6949
3563,2012-01-02,32.214
3564,2011-12-30,32.194
3565,2011-12-29,32.104
3566,2011-12-28,31.81
3567,2011-12-27,31.364
3568,2011-12-26,31.13
3569,2011-12-23,31.189
3570,2011-12-22,31.39
3571,2011-12-21,31.7231
3572,2011-12-20,31.9565
3573,2011-12-19,32.1109
3574,2011-12-16,32.0044
3575,2011-12-15,31.8025
3576,2011-12-14,31.8857
3577,2011-12-13,31.769
3578,2011-12-12,31.648
3579,2011-12-09,31.4632
3580,2011-12-08,31.445
3581,2011-12-07,31.2372
3582,2011-12-06,31.325
3583,2011-12-05,30.89
3584,2011-12-02,30.9442
3585,2011-12-01,30.7487
3586,2011-11-30,30.722
3587,2011-11-29,31.2875
3588,2011-11-28,31.3727
3589,2011-11-25,31.524
3590,2011-11-24,31.4514
3591,2011-11-23,31.5034
3592,2011-11-22,31.029
3593,2011-11-21,31.1581
3594,2011-11-18,30.8641
3595,2011-11-17,30.904
3596,2011-11-16,30.706
3597,2011-11-15,30.6541
3598,2011-11-14,30.5488
3599,2011-11-11,30.364
3600,2011-11-10,30.534
3601,2011-11-09,30.6124
3602,2011-11-08,30.2106
3603,2011-11-07,30.4834
3604,2011-11-04,30.5032
3605,2011-11-03,30.4769
3606,2011-11-02,30.613
3607,2011-11-01,30.7745
3608,2011-10-31,30.2265
3609,2011-10-28,29.72
3610,2011-10-27,29.9185
3611,2011-10-26,30.6035
3612,2011-10-25,30.529
3613,2011-10-24,30.545
3614,2011-10-21,31.095
3615,2011-10-20,31.4325
3616,2011-10-19,31.042
3617,2011-10-18,31.1435
3618,2011-10-17,30.929
3619,2011-10-14,30.864
3620,2011-10-13,31.1575
3621,2011-10-12,31.0895
3622,2011-10-11,31.526
3623,2011-10-10,31.519
3624,2011-10-07,32.1285
3625,2011-10-06,32.3061
3626,2011-10-05,32.493
3627,2011-10-04,32.627
3628,2011-10-03,32.677
3629,2011-09-30,32.179
3630,2011-09-29,31.909
3631,2011-09-28,31.7815
3632,2011-09-27,31.7335
3633,2011-09-26,32.327
3634,2011-09-23,32.1015
3635,2011-09-22,32.139
3636,2011-09-21,31.441
3637,2011-09-20,31.397
3638,2011-09-19,31.277
3639,2011-09-16,30.548
3640,2011-09-15,30.404
3641,2011-09-14,30.432
3642,2011-09-13,30.185
3643,2011-09-12,30.2425
3644,2011-09-09,30.1625
3645,2011-09-08,29.6945
3646,2011-09-07,29.4625
3647,2011-09-06,29.633
3648,2011-09-05,29.478
3649,2011-09-02,29.1728
3650,2011-09-01,28.9806
3651,2011-08-31,28.828
3652,2011-08-30,28.887
3653,2011-08-29,28.779
3654,2011-08-26,28.7988
3655,2011-08-25,29.079
3656,2011-08-24,28.923
3657,2011-08-23,28.9627
3658,2011-08-22,29.058
3659,2011-08-19,29.2026
3660,2011-08-18,29.106
3661,2011-08-17,28.75
3662,2011-08-16,28.6745
3663,2011-08-15,28.634
3664,2011-08-12,29.1961
3665,2011-08-11,29.8825
3666,2011-08-10,29.9226
3667,2011-08-09,29.5456
3668,2011-08-08,28.9926
3669,2011-08-05,28.065
3670,2011-08-04,28.1715
3671,2011-08-03,27.8335
3672,2011-08-02,27.8326
3673,2011-08-01,27.7605
3674,2011-07-29,27.633
3675,2011-07-28,27.594
3676,2011-07-27,27.525
3677,2011-07-26,27.505
3678,2011-07-25,27.729
3679,2011-07-22,27.768
3680,2011-07-21,27.74
3681,2011-07-20,28.1275
3682,2011-07-19,28.195
3683,2011-07-18,28.2526
3684,2011-07-15,28.0722
3685,2011-07-14,28.1272
3686,2011-07-13,28.028
3687,2011-07-12,28.3325
3688,2011-07-11,28.213
3689,2011-07-08,28.192
3690,2011-07-07,27.907
3691,2011-07-06,27.993
3692,2011-07-05,27.8965
3693,2011-07-04,27.7889
3694,2011-07-01,27.8102
3695,2011-06-30,27.921
3696,2011-06-29,28.023
3697,2011-06-28,28.107
3698,2011-06-27,28.2195
3699,2011-06-24,28.1965
3700,2011-06-23,28.1357
3701,2011-06-22,27.9945
3702,2011-06-21,27.919
3703,2011-06-20,28.0854
3704,2011-06-17,28.0218
3705,2011-06-16,28.099
3706,2011-06-15,28.0915
3707,2011-06-14,27.8635
3708,2011-06-13,27.9175
3709,2011-06-10,27.989
3710,2011-06-09,27.7813
3711,2011-06-08,27.7365
3712,2011-06-07,27.693
3713,2011-06-06,27.8435
3714,2011-06-03,27.7679
3715,2011-06-02,27.883
3716,2011-06-01,28.0165
3717,2011-05-31,27.9663
3718,2011-05-30,28.057
3719,2011-05-27,28.2025
3720,2011-05-26,28.184
3721,2011-05-25,28.4125
3722,2011-05-24,28.338
3723,2011-05-23,28.482
3724,2011-05-20,28.1223
3725,2011-05-19,27.952
3726,2011-05-18,28.0523
3727,2011-05-17,28.1323
3728,2011-05-16,28.1491
3729,2011-05-13,28.1123
3730,2011-05-12,27.92
3731,2011-05-11,27.866
3732,2011-05-10,27.705
3733,2011-05-09,27.8823
3734,2011-05-06,27.9023
3735,2011-05-05,27.536
3736,2011-05-04,27.345
3737,2011-05-03,27.33
3738,2011-05-02,27.4055
3739,2011-04-29,27.392
3740,2011-04-28,27.499
3741,2011-04-27,27.587
3742,2011-04-26,27.7605
3743,2011-04-25,27.8575
3744,2011-04-22,28.0021
3745,2011-04-21,27.9885
3746,2011-04-20,28.06
3747,2011-04-19,28.292
3748,2011-04-18,28.332
3749,2011-04-15,28.1312
3750,2011-04-14,28.189
3751,2011-04-13,28.196
3752,2011-04-12,28.133
3753,2011-04-11,28.033
3754,2011-04-08,27.9619
3755,2011-04-07,28.209
3756,2011-04-06,28.146
3757,2011-04-05,28.274
3758,2011-04-04,28.289
3759,2011-04-01,28.2618
3760,2011-03-31,28.43
3761,2011-03-30,28.522
3762,2011-03-29,28.346
3763,2011-03-28,28.336
3764,2011-03-25,28.276
3765,2011-03-24,28.276
3766,2011-03-23,28.385
3767,2011-03-22,28.208
3768,2011-03-21,28.236
3769,2011-03-18,28.4319
3770,2011-03-17,28.6275
3771,2011-03-16,28.672
3772,2011-03-15,28.708
3773,2011-03-14,28.5065
3774,2011-03-11,28.661
3775,2011-03-10,28.6065
3776,2011-03-09,28.3611
3777,2011-03-08,28.161
3778,2011-03-07,28.161
3779,2011-03-04,28.171
3780,2011-03-03,28.1675
3781,2011-03-02,28.376
3782,2011-03-01,28.7442
3783,2011-02-28,28.873
3784,2011-02-25,28.9419
3785,2011-02-24,28.962
3786,2011-02-23,29.1789
3787,2011-02-22,29.2799
3788,2011-02-21,29.147
3789,2011-02-18,29.104
3790,2011-02-17,29.229
3791,2011-02-16,29.1985
3792,2011-02-15,29.3155
3793,2011-02-14,29.273
3794,2011-02-11,29.302
3795,2011-02-10,29.334
3796,2011-02-09,29.237
3797,2011-02-08,29.26
3798,2011-02-07,29.264
3799,2011-02-04,29.3976
3800,2011-02-03,29.4265
3801,2011-02-02,29.43
3802,2011-02-01,29.5217
3803,2011-01-31,29.785
3804,2011-01-28,29.8118
3805,2011-01-27,29.58
3806,2011-01-26,29.703
3807,2011-01-25,29.7065
3808,2011-01-24,29.8325
3809,2011-01-21,29.8717
3810,2011-01-20,30.0045
3811,2011-01-19,29.8347
3812,2011-01-18,29.8922
3813,2011-01-17,29.9817
3814,2011-01-14,29.9901
3815,2011-01-13,29.927
3816,2011-01-12,30.0855
3817,2011-01-11,30.5229
3818,2011-01-10,30.75
3819,2011-01-07,30.752
3820,2011-01-06,30.69
3821,2011-01-05,30.628
3822,2011-01-04,30.578
3823,2011-01-03,30.532
3824,2010-12-31,30.572
3825,2010-12-30,30.5593
3826,2010-12-29,30.451
3827,2010-12-28,30.3423
3828,2010-12-27,30.309
3829,2010-12-24,30.462
3830,2010-12-23,30.556
3831,2010-12-22,30.6385
3832,2010-12-21,30.726
3833,2010-12-20,30.8421
3834,2010-12-17,30.79
3835,2010-12-16,30.7123
3836,2010-12-15,30.815
3837,2010-12-14,30.715
3838,2010-12-13,30.712
3839,2010-12-10,30.9245
3840,2010-12-09,30.9265
3841,2010-12-08,31.034
3842,2010-12-07,31.119
3843,2010-12-06,31.214
3844,2010-12-03,31.232
3845,2010-12-02,31.201
3846,2010-12-01,31.349
3847,2010-11-30,31.5316
3848,2010-11-29,31.391
3849,2010-11-26,31.3853
3850,2010-11-25,31.1778
3851,2010-11-24,31.319
3852,2010-11-23,31.42
3853,2010-11-22,31.118
3854,2010-11-19,31.089
3855,2010-11-18,31.03
3856,2010-11-17,31.325
3857,2010-11-16,31.2275
3858,2010-11-15,30.981
3859,2010-11-12,30.801
3860,2010-11-11,30.6307
3861,2010-11-10,30.6403
3862,2010-11-09,30.7935
3863,2010-11-08,30.8065
3864,2010-11-05,30.749
3865,2010-11-04,30.746
3866,2010-11-03,30.792
3867,2010-11-02,30.7575
3868,2010-11-01,30.789
3869,2010-10-29,30.843
3870,2010-10-28,30.5938
3871,2010-10-27,30.6955
3872,2010-10-26,30.4505
3873,2010-10-25,30.284
3874,2010-10-22,30.331
3875,2010-10-21,30.655
3876,2010-10-20,30.6625
3877,2010-10-19,30.7195
3878,2010-10-18,30.411
3879,2010-10-15,30.2855
3880,2010-10-14,30.0499
3881,2010-10-13,30.095
3882,2010-10-12,29.9917
3883,2010-10-11,29.9284
3884,2010-10-08,29.853
3885,2010-10-07,29.8369
3886,2010-10-06,29.785
3887,2010-10-05,30.02
3888,2010-10-04,30.4684
3889,2010-10-01,30.485
3890,2010-09-30,30.5814
3891,2010-09-29,30.402
3892,2010-09-28,30.4
3893,2010-09-27,30.5555
3894,2010-09-24,30.742
3895,2010-09-23,31.021
3896,2010-09-22,30.984
3897,2010-09-21,30.8949
3898,2010-09-20,31.0817
3899,2010-09-17,30.965
3900,2010-09-16,31.217
3901,2010-09-15,30.95
3902,2010-09-14,30.5845
3903,2010-09-13,30.6585
3904,2010-09-10,30.9345
3905,2010-09-09,30.873
3906,2010-09-08,30.8495
3907,2010-09-07,30.9075
3908,2010-09-06,30.6155
3909,2010-09-03,30.5818
3910,2010-09-02,30.697
3911,2010-09-01,30.709
3912,2010-08-31,30.825
3913,2010-08-30,30.6765
3914,2010-08-27,30.6335
3915,2010-08-26,30.702
3916,2010-08-25,30.9255
3917,2010-08-24,30.872
3918,2010-08-23,30.6906
3919,2010-08-20,30.6303
3920,2010-08-19,30.4886
3921,2010-08-18,30.4198
3922,2010-08-17,30.41
3923,2010-08-16,30.502
3924,2010-08-13,30.545
3925,2010-08-12,30.6018
3926,2010-08-11,30.4692
3927,2010-08-10,30.0165
3928,2010-08-09,29.9175
3929,2010-08-06,29.7725
3930,2010-08-05,29.8362
3931,2010-08-04,29.8155
3932,2010-08-03,29.742
3933,2010-08-02,29.958
3934,2010-07-30,30.26
3935,2010-07-29,30.1605
3936,2010-07-28,30.234
3937,2010-07-27,30.2135
3938,2010-07-26,30.22
3939,2010-07-23,30.33
3940,2010-07-22,30.347
3941,2010-07-21,30.497
3942,2010-07-20,30.488
3943,2010-07-19,30.509
3944,2010-07-16,30.5005
3945,2010-07-15,30.372
3946,2010-07-14,30.5455
3947,2010-07-13,30.5745
3948,2010-07-12,30.777
3949,2010-07-09,30.87
3950,2010-07-08,30.843
3951,2010-07-07,31.0205
3952,2010-07-06,30.9935
3953,2010-07-05,31.138
3954,2010-07-02,31.086
3955,2010-07-01,31.03
3956,2010-06-30,31.259
3957,2010-06-29,31.3375
3958,2010-06-28,31.059
3959,2010-06-25,30.99
3960,2010-06-24,31.04
3961,2010-06-23,30.9901
3962,2010-06-22,30.9116
3963,2010-06-21,30.8512
3964,2010-06-18,30.9745
3965,2010-06-17,30.94
3966,2010-06-16,31.2083
3967,2010-06-15,31.2793
3968,2010-06-14,31.6585
3969,2010-06-11,31.6025
3970,2010-06-10,31.5625
3971,2010-06-09,31.684
3972,2010-06-08,31.7915
3973,2010-06-07,31.856
3974,2010-06-04,31.5325
3975,2010-06-03,31.155
3976,2010-06-02,31.1535
3977,2010-06-01,31.1174
3978,2010-05-31,30.886
3979,2010-05-28,30.669
3980,2010-05-27,30.6485
3981,2010-05-26,31.19
3982,2010-05-25,31.42
3983,2010-05-24,31.0615
3984,2010-05-21,31.0875
3985,2010-05-20,31.4565
3986,2010-05-19,30.623
3987,2010-05-18,30.539
3988,2010-05-17,30.5305
3989,2010-05-14,30.3425
3990,2010-05-13,30.046
3991,2010-05-12,30.0165
3992,2010-05-11,30.227
3993,2010-05-10,30.4396
3994,2010-05-07,30.4694
3995,2010-05-06,30.656
3996,2010-05-05,30.054
3997,2010-05-04,29.6028
3998,2010-05-03,29.2985
3999,2010-04-30,29.226
4000,2010-04-29,29.2535
4001,2010-04-28,29.3376
4002,2010-04-27,29.365
4003,2010-04-26,29.025
4004,2010-04-23,29.103
4005,2010-04-22,29.2201
4006,2010-04-21,29.1319
4007,2010-04-20,29.142
4008,2010-04-19,29.135
4009,2010-04-16,29.0675
4010,2010-04-15,28.9965
4011,2010-04-14,28.944
4012,2010-04-13,29.042
4013,2010-04-12,29.013
4014,2010-04-09,29.13
4015,2010-04-08,29.415
4016,2010-04-07,29.319
4017,2010-04-06,29.32
4018,2010-04-05,29.197
4019,2010-04-02,29.24
4020,2010-04-01,29.25
4021,2010-03-31,29.432
4022,2010-03-30,29.507
4023,2010-03-29,29.483
4024,2010-03-26,29.5935
4025,2010-03-25,29.604
4026,2010-03-24,29.6985
4027,2010-03-23,29.538
4028,2010-03-22,29.527
4029,2010-03-19,29.337
4030,2010-03-18,29.3035
4031,2010-03-17,29.1715
4032,2010-03-16,29.2805
4033,2010-03-15,29.4213
4034,2010-03-12,29.2881
4035,2010-03-11,29.453
4036,2010-03-10,29.5538
4037,2010-03-09,29.733
4038,2010-03-08,29.7547
4039,2010-03-05,29.759
4040,2010-03-04,29.8545
4041,2010-03-03,29.7765
4042,2010-03-02,29.827
4043,2010-03-01,29.921
4044,2010-02-26,29.93
4045,2010-02-25,30.0018
4046,2010-02-24,30.0381
4047,2010-02-23,29.9865
4048,2010-02-22,29.9815
4049,2010-02-19,29.9704
4050,2010-02-18,29.9961
4051,2010-02-17,30.1214
4052,2010-02-16,30.0043
4053,2010-02-15,30.2284
4054,2010-02-12,30.2055
4055,2010-02-11,30.173
4056,2010-02-10,30.261
4057,2010-02-09,30.39
4058,2010-02-08,30.5295
4059,2010-02-05,30.3575
4060,2010-02-04,30.1725
4061,2010-02-03,29.9915
4062,2010-02-02,30.07
4063,2010-02-01,30.2925
4064,2010-01-29,30.3678
4065,2010-01-28,30.3655
4066,2010-01-27,30.3265
4067,2010-01-26,30.3472
4068,2010-01-25,30.1111
4069,2010-01-22,29.8615
4070,2010-01-21,29.7575
4071,2010-01-20,29.7627
4072,2010-01-19,29.593
4073,2010-01-18,29.598
4074,2010-01-15,29.55
4075,2010-01-14,29.44
4076,2010-01-13,29.55
4077,2010-01-12,29.516
4078,2010-01-11,29.321
4079,2010-01-08,29.864
4080,2010-01-07,29.864
4081,2010-01-06,29.8635
4082,2010-01-05,29.9235
4083,2010-01-04,30.31
4084,2010-01-01,30.311
